CompanyID,CompanyName,Idea,Sector,SubSector,BusinessModel,FundingStage,FundingRaisedUSD_millions,MonthlyRevenueUSD_thousands,MonthlyBurnUSD_thousands,MonthlyGrowthPercent,TeamSize,FoundersAvgExperienceYears,MarketSizeUSD_billions,TAMGrowthPercent,ProductDifferentiationScore,CompetitiveMoatScore,RegulatoryRiskScore,LocationCountry,RiskScore
1,OmicronAnalytics,Telemedicine solution in the HealthTech space,HealthTech,Telemedicine,B2C Subscription,Pre-Seed,10.99,43.09,84.09,35.23,6,2.8,38.31,5.96,2,9,2,Netherlands,48.11
2,AlphaLabs,Network Security solution in the Cybersecurity space,Cybersecurity,Network Security,B2C Subscription,Pre-Seed,4.85,0,47.52,28.16,7,1,11.2,9.9,10,1,9,Germany,64.36
3,LambdaFoods,Supply Chain solution in the Agritech space,Agritech,Supply Chain,Hybrid,Seed,4.57,147.37,191.4,13.64,19,2.9,182.05,5.36,1,3,7,Singapore,70.78
4,ThetaBiotech,D2C solution in the E-commerce space,E-commerce,D2C,B2B SaaS,Pre-Seed,7.36,0,54.6,47.78,9,6.4,66.42,7.05,2,6,6,Netherlands,57.06
5,PioneerCloud,Marketplace solution in the E-commerce space,E-commerce,Marketplace,B2B SaaS,Series C,101.39,973.09,1100.37,6.19,252,7.2,146.34,12.03,7,2,9,Canada,67.3
6,CoreNetworks,Game Engines solution in the Gaming space,Gaming,Game Engines,Freemium SaaS,Pre-Seed,15.03,39.64,16.39,4.92,7,6.2,143.22,11.89,4,5,2,Germany,50.36
7,OmicronFoods,Biotech solution in the HealthTech space,HealthTech,Biotech,Freemium SaaS,Series B,180.61,616.91,908.91,5.8,118,3.2,102.7,13.8,3,6,6,Germany,69.28
8,SparkSolutions,Marketplace solution in the E-commerce space,E-commerce,Marketplace,Hybrid,Series A,46.25,273.28,253.18,7.11,37,7.5,33.92,14.09,3,8,7,Canada,56.16
9,NovaHealth,Vertical Farming solution in the Agritech space,Agritech,Vertical Farming,B2C Subscription,Series B,81.55,657.91,802.35,18.15,109,8.7,179.43,6.13,6,7,5,India,51.49
10,ThetaGaming,Battery Storage solution in the CleanTech space,CleanTech,Battery Storage,Hardware,Series B,62.83,587.17,686.21,27.74,134,5.4,103.13,7.43,8,3,5,UK,54.65
11,CoreFinance,Battery Storage solution in the CleanTech space,CleanTech,Battery Storage,Hybrid,Seed,5.38,85.54,125.29,18.34,17,2.1,194.41,14.51,4,3,9,Brazil,70.28
12,DeltaDynamics,Telemedicine solution in the HealthTech space,HealthTech,Telemedicine,Freemium SaaS,Pre-Seed,22.72,49.07,0,9.27,4,2,181.84,5.11,7,10,2,Australia,41.07
13,OrbitAI,OT Security solution in the Cybersecurity space,Cybersecurity,OT Security,Hybrid,Series B,53.1,541.57,707.03,22.52,111,8.8,127.44,8.97,1,2,9,Canada,74.61
14,SigmaFinance,Vision solution in the AI/ML space,AI/ML,Vision,B2C Subscription,Seed,2.41,50.47,32.25,21,22,3,103.39,4.94,5,9,3,Israel,45.65
15,OrbitMobility,Wearables solution in the HealthTech space,HealthTech,Wearables,B2C Subscription,Pre-Seed,3.16,73.68,42.44,35.5,9,0.8,20.43,13.66,3,9,9,USA,60.85
16,NimbusTech,Game Engines solution in the Gaming space,Gaming,Game Engines,B2B SaaS,Series B,63.29,612.99,774.68,2.63,127,3.4,177.64,12.14,5,4,1,Germany,55.54
17,GammaGaming,Mobile Games solution in the Gaming space,Gaming,Mobile Games,B2B SaaS,Series C,31.69,1011.61,1228.59,7.86,252,3.6,143.01,5.08,9,3,3,Brazil,56.02
18,OmicronEdu,Vertical Farming solution in the Agritech space,Agritech,Vertical Farming,Hybrid,Seed,12.49,157.93,148.48,29.63,22,4.8,20.55,6.78,4,9,4,Canada,46.94
19,PioneerEdu,Cloud Security solution in the Cybersecurity space,Cybersecurity,Cloud Security,Hardware,Pre-Seed,3.63,9.21,7.2,23.41,9,1.9,188.21,14.4,4,2,6,USA,64.23
20,CoreAnalytics,Esports solution in the Gaming space,Gaming,Esports,B2B SaaS,Pre-Seed,10.87,38.83,82.3,24.73,11,3.9,123.77,14.87,1,4,2,USA,57.41
21,OrbitAnalytics,Vision solution in the AI/ML space,AI/ML,Vision,Marketplace,Series A,21.04,242.85,309.31,20.61,54,3.2,162.25,12.53,4,9,3,Netherlands,49.03
22,LambdaGaming,VR/AR Games solution in the Gaming space,Gaming,VR/AR Games,Hardware,Pre-Seed,3.49,75.75,283.54,25.71,7,6.3,94.19,9.05,2,7,6,Australia,62.44
23,BetaSystems,OT Security solution in the Cybersecurity space,Cybersecurity,OT Security,B2B SaaS,Seed,12.79,19.36,0,30.89,14,2.6,125.33,3.11,6,2,4,Germany,55.96
24,EpsilonFinance,Carbon Capture solution in the CleanTech space,CleanTech,Carbon Capture,B2C Subscription,Seed,12.73,102.28,90.16,41.44,20,5.3,159.45,5.52,4,2,8,Israel,63.88
25,FusionTech,Telemedicine solution in the HealthTech space,HealthTech,Telemedicine,B2B SaaS,Series B,28.96,594.26,738.36,23.66,117,5.1,110.75,11.29,4,3,7,Brazil,66.63
26,ApexHealth,Ride-sharing solution in the Mobility space,Mobility,Ride-sharing,B2C Subscription,Seed,4.38,36.96,90.25,41.22,19,6.1,72.48,11.85,7,5,8,Canada,55.9
27,EpsilonNetworks,OT Security solution in the Cybersecurity space,Cybersecurity,OT Security,Marketplace,Pre-Seed,10.54,88.73,60.13,19.4,7,6.9,101.62,13.13,1,10,9,USA,59.39
28,BetaComms,Vision solution in the AI/ML space,AI/ML,Vision,Hardware,Seed,2.34,50.92,84.21,21.99,29,2.8,78.86,10.36,9,3,1,Israel,45.7
29,GammaMobility,Digital Pharmacy solution in the HealthTech space,HealthTech,Digital Pharmacy,B2B SaaS,Series A,110.66,202.4,235.29,20.88,43,6.6,16.1,6.15,4,7,2,Netherlands,46.45
30,SparkLabs,Solar solution in the CleanTech space,CleanTech,Solar,Hardware,Series A,12.2,270.53,367.12,18.57,53,4.6,147.54,12.45,10,9,6,Canada,46.09
31,LambdaAI,Battery Storage solution in the CleanTech space,CleanTech,Battery Storage,Hardware,Pre-Seed,3.81,21.99,63.75,26.1,13,5.4,79.06,2.14,5,8,6,India,52.09
32,SparkComms,WealthTech solution in the FinTech space,FinTech,WealthTech,B2B SaaS,Pre-Seed,5.76,66.21,72.94,20.97,10,5.2,110.81,7.74,4,9,5,UK,49.7
33,LambdaEnergy,Vision solution in the AI/ML space,AI/ML,Vision,Marketplace,Pre-Seed,5.77,90.19,138.92,33.58,5,6.3,189.56,14.82,9,5,10,Israel,57.38
34,DeltaDynamics,InsurTech solution in the FinTech space,FinTech,InsurTech,Marketplace,Pre-Seed,5.04,16.79,88.15,-0.37,4,7.1,13.15,3.54,2,9,3,Canada,51.35
35,NovaNetworks,D2C solution in the E-commerce space,E-commerce,D2C,Freemium SaaS,Series A,26,258.64,336.34,30.33,69,7.4,46.27,14.52,5,9,8,Canada,53.75
36,VertexAI,Payments solution in the FinTech space,FinTech,Payments,B2B SaaS,Pre-Seed,5.36,61.2,74.07,20.98,12,2.5,124.79,5.61,3,5,3,Brazil,55.41
37,FusionTech,Supply Chain solution in the Agritech space,Agritech,Supply Chain,B2B SaaS,Pre-Seed,6.51,0,51.63,1.9,13,5.4,173.48,2.59,3,9,1,Singapore,46.31
38,VertexDynamics,Esports solution in the Gaming space,Gaming,Esports,B2B SaaS,Seed,6.65,96.32,101.47,22.95,20,1.8,56.13,2.73,1,6,4,Germany,59.01
39,FusionFinance,Wearables solution in the HealthTech space,HealthTech,Wearables,Hybrid,Series A,24.72,315.12,453.96,18.12,44,3.3,135,10.04,4,3,3,Australia,60.38
40,NovaFinance,Lending solution in the FinTech space,FinTech,Lending,Freemium SaaS,Series B,83.8,558.61,655.14,17.42,129,10.1,170.73,9.17,4,5,3,India,51.08
41,NimbusAnalytics,Network Security solution in the Cybersecurity space,Cybersecurity,Network Security,B2C Subscription,Series B,124.12,608.3,678.94,12.31,124,5.1,4.88,6.56,8,6,5,Germany,51.06
42,ThetaLogistics,Solar solution in the CleanTech space,CleanTech,Solar,Marketplace,Seed,5.62,13.46,88.37,28.86,18,3.7,157.16,7.16,2,5,6,Israel,63.09
43,AlphaSystems,Cloud Security solution in the Cybersecurity space,Cybersecurity,Cloud Security,Marketplace,Pre-Seed,16.2,66.54,79.11,27.96,7,1.8,70.44,13.66,5,1,2,Netherlands,56.23
44,NovaFinance,Cloud Security solution in the Cybersecurity space,Cybersecurity,Cloud Security,Hybrid,Series C,80.65,1102.75,1307.33,10.53,210,5,57.16,4.3,2,7,10,Germany,72.83
45,VertexTech,Marketplace solution in the E-commerce space,E-commerce,Marketplace,Hybrid,Series B,17.34,590.42,711.38,-7.83,126,7,18.19,13.36,9,4,6,Australia,56.66
46,SparkBiotech,Wearables solution in the HealthTech space,HealthTech,Wearables,Freemium SaaS,Series B,143.12,642.57,740.07,7.64,110,7.2,97.94,10.04,5,9,5,Australia,50.76
47,SigmaCloud,Autonomous Systems solution in the AI/ML space,AI/ML,Autonomous Systems,B2C Subscription,Pre-Seed,4.48,0,42.57,10.12,8,2.7,25.71,13.58,7,3,10,Netherlands,68.24
48,FusionTech,Subscription Box solution in the E-commerce space,E-commerce,Subscription Box,Marketplace,Seed,3.11,184.36,265.31,19.92,13,7,118.19,11.69,7,10,10,Singapore,54.69
49,PioneerNetworks,Autonomous Vehicles solution in the Mobility space,Mobility,Autonomous Vehicles,Hybrid,Seed,3.22,90.48,64.8,6.17,22,1.2,22.15,3.99,3,2,5,Israel,65.98
50,GammaAnalytics,Game Engines solution in the Gaming space,Gaming,Game Engines,Freemium SaaS,Seed,11.59,67.47,56.61,14.08,12,2.3,83.26,14.77,4,3,1,USA,53.37
51,SparkLabs,Carbon Capture solution in the CleanTech space,CleanTech,Carbon Capture,Hardware,Seed,6.1,54.62,36.71,27.55,15,4.2,115.18,5.64,10,4,7,Brazil,52.09
52,EpsilonTech,Identity solution in the Cybersecurity space,Cybersecurity,Identity,B2B SaaS,Series A,36.64,266.87,348.77,7.37,50,2.4,24.74,9.94,4,3,9,Brazil,72.42
53,DeltaFoods,Lending solution in the FinTech space,FinTech,Lending,B2C Subscription,Series B,91,516.92,617,2.89,121,4.3,14.55,14.87,9,9,10,Singapore,57.49
54,FusionFoods,Autonomous Vehicles solution in the Mobility space,Mobility,Autonomous Vehicles,B2C Subscription,Series A,14.77,350.31,391.53,23.36,56,3.7,95.37,7.35,8,8,5,Germany,47.13
55,LambdaAI,Subscription Box solution in the E-commerce space,E-commerce,Subscription Box,Hardware,Pre-Seed,11.72,39.85,66.38,13.96,8,3.4,163.29,10.65,5,4,5,Singapore,58.35
56,EpsilonDynamics,Vision solution in the AI/ML space,AI/ML,Vision,B2C Subscription,Seed,5.72,0,18.04,17.3,25,5.9,76.63,8.01,3,4,2,Australia,52.89
57,FusionFoods,Cloud Security solution in the Cybersecurity space,Cybersecurity,Cloud Security,Hardware,Pre-Seed,17.14,7.82,0,20.16,10,5.3,178.99,12.25,7,7,10,USA,58.01
58,NimbusTech,VR/AR Games solution in the Gaming space,Gaming,VR/AR Games,Marketplace,Seed,45.45,77.03,49.94,28.3,18,2.3,23.91,13,7,7,9,Israel,57.45
59,NimbusAnalytics,Esports solution in the Gaming space,Gaming,Esports,Marketplace,Seed,5.95,51.06,39.06,23.77,16,5.7,139.4,9.06,1,7,6,Australia,58.35
60,EpsilonMobility,Language Learning solution in the EdTech space,EdTech,Language Learning,Hybrid,Pre-Seed,21.86,11.31,0,2.21,6,7,174.68,14.12,7,10,10,USA,54.03
61,EpsilonFoods,Biotech solution in the HealthTech space,HealthTech,Biotech,B2C Subscription,Pre-Seed,30.75,79.51,106.26,24.42,11,9.1,81,2.71,7,6,4,Brazil,45.04
62,ApexAI,MLOps solution in the AI/ML space,AI/ML,MLOps,Hardware,Seed,11.24,153.55,155.12,28.52,28,0.5,70.7,11.59,2,8,1,Israel,48.82
63,LambdaLabs,InsurTech solution in the FinTech space,FinTech,InsurTech,Freemium SaaS,Pre-Seed,2.22,36.96,0,18.51,7,2,192.29,3.93,1,4,4,USA,62.15
64,LambdaDynamics,Esports solution in the Gaming space,Gaming,Esports,Hardware,Series A,30.37,260.04,303.82,15.01,52,6.3,150.49,4.73,10,4,8,Canada,55.09
65,SparkMobility,NLP solution in the AI/ML space,AI/ML,NLP,Freemium SaaS,Series A,18.32,307.75,497.8,3.93,49,1.8,112.81,4.02,3,5,2,Netherlands,60.96
66,CoreLogistics,InsurTech solution in the FinTech space,FinTech,InsurTech,Hardware,Series B,20.24,614.49,724.65,13.5,112,7.1,82.93,2.33,4,2,10,Germany,72.63
67,SparkSystems,Wearables solution in the HealthTech space,HealthTech,Wearables,Hybrid,Series A,29.61,261.37,309.18,15.3,44,6.2,37.35,10.49,6,9,7,Singapore,51.75
68,AlphaFinance,Wearables solution in the HealthTech space,HealthTech,Wearables,Hardware,Pre-Seed,6.66,32.47,27.5,28.14,7,2.1,18.93,4.7,6,8,3,Australia,45.61
69,SparkCloud,Test Prep solution in the EdTech space,EdTech,Test Prep,Hardware,Seed,1.94,188.23,163.8,11.84,18,5.5,83.06,9.18,10,5,6,Germany,49.19
70,PioneerAnalytics,Wearables solution in the HealthTech space,HealthTech,Wearables,Hardware,Series A,6.49,212.33,227.55,24.72,57,5.9,6.45,5.49,7,6,1,Brazil,41.06
71,NimbusNetworks,NLP solution in the AI/ML space,AI/ML,NLP,Marketplace,Series A,112.64,333.61,369.19,10.82,50,2.7,111.73,10.47,6,5,10,Canada,66.46
72,OrbitNetworks,Precision Farming solution in the Agritech space,Agritech,Precision Farming,B2B SaaS,Pre-Seed,11.49,26.54,58.19,36.21,7,7.1,148.13,3.08,7,8,9,Germany,52.5
73,PioneerTech,Autonomous Vehicles solution in the Mobility space,Mobility,Autonomous Vehicles,B2B SaaS,Seed,2.35,129.05,78.66,12.02,18,5.1,96.26,10.63,7,4,5,Netherlands,53.47
74,FusionEdu,Autonomous Systems solution in the AI/ML space,AI/ML,Autonomous Systems,Marketplace,Seed,1.82,104.77,134.68,26.08,21,1,154.64,3.39,9,6,6,Brazil,52.04
75,OmicronAnalytics,Social Commerce solution in the E-commerce space,E-commerce,Social Commerce,B2B SaaS,Series A,23.19,283.26,438.66,14.53,49,7,139.55,5.54,6,2,9,UK,68.96
76,NimbusAI,Wind solution in the CleanTech space,CleanTech,Wind,Freemium SaaS,Series A,30.76,211.86,311.44,1.81,51,5.5,146.98,12.49,9,10,5,India,45.18
77,LambdaEnergy,Battery Storage solution in the CleanTech space,CleanTech,Battery Storage,B2C Subscription,Seed,20.68,153.11,161.04,26.33,20,5.6,8.72,11.07,9,3,5,USA,50.4
78,EpsilonGaming,InsurTech solution in the FinTech space,FinTech,InsurTech,B2B SaaS,Series B,60.77,622.33,736.13,26.29,133,5.8,166.13,2.48,10,5,8,Brazil,54.94
79,ZetaHealth,Micro-mobility solution in the Mobility space,Mobility,Micro-mobility,Marketplace,Series B,17.74,625.05,697.94,27.78,127,6.8,158.56,6.14,8,2,2,Australia,48.31
80,CoreHealth,EV solution in the Mobility space,Mobility,EV,B2C Subscription,Pre-Seed,1.58,93.39,126.22,6.51,4,5.2,187.94,12.38,10,5,2,Germany,42.93
81,SparkMobility,Biotech solution in the HealthTech space,HealthTech,Biotech,Hybrid,Pre-Seed,4.88,120.47,259.51,16.37,9,2,10.33,2.23,9,7,8,Brazil,58.03
82,SigmaComms,Subscription Box solution in the E-commerce space,E-commerce,Subscription Box,Hybrid,Pre-Seed,4,48.27,69.63,35.51,9,2,198.25,5.01,2,4,4,Canada,59.59
83,LambdaSolutions,Digital Pharmacy solution in the HealthTech space,HealthTech,Digital Pharmacy,Hybrid,Pre-Seed,8.44,74.62,104,44.55,6,3.3,152.13,11.05,1,7,8,Netherlands,62.95
84,BetaAnalytics,Micro-mobility solution in the Mobility space,Mobility,Micro-mobility,Marketplace,Series A,7.85,317.18,361.79,7.95,51,4.6,116.86,3.19,8,2,4,Canada,55.09
85,VertexSystems,Esports solution in the Gaming space,Gaming,Esports,Hybrid,Pre-Seed,5.53,79.19,122.2,30.84,7,5.4,17.07,13.07,3,5,3,India,53.16
86,SigmaMobility,Lending solution in the FinTech space,FinTech,Lending,Freemium SaaS,Series B,23.37,425.96,467.64,27.06,115,6.7,114.01,5.47,5,8,2,Brazil,43.02
87,OmicronEdu,Subscription Box solution in the E-commerce space,E-commerce,Subscription Box,Hybrid,Seed,8.95,115.28,184.99,24.22,26,5,136.67,10.04,2,10,1,Australia,44.92
88,AlphaLabs,MLOps solution in the AI/ML space,AI/ML,MLOps,B2C Subscription,Series C,108.41,967.54,1185.08,11.3,262,4.3,163.96,12.82,10,10,1,Canada,39.17
89,ZetaGaming,Mobile Games solution in the Gaming space,Gaming,Mobile Games,Hybrid,Series A,16.77,300.17,401.09,0.11,45,9,23.18,11.89,5,3,10,Australia,69.27
90,NimbusEnergy,EV solution in the Mobility space,Mobility,EV,Hardware,Seed,8.77,126.9,154.68,32.09,28,1.1,187.57,10.94,2,3,6,Australia,66.3
91,ApexCloud,Micro-mobility solution in the Mobility space,Mobility,Micro-mobility,B2B SaaS,Seed,6.37,79.77,77.58,21.75,21,3,174.56,14.66,6,5,6,India,56.08
92,FusionFoods,Network Security solution in the Cybersecurity space,Cybersecurity,Network Security,Hardware,Pre-Seed,8.18,68.36,55.74,18.69,10,0.5,18.31,10.85,9,6,10,Brazil,60.26
93,ThetaAI,EV solution in the Mobility space,Mobility,EV,Hybrid,Pre-Seed,2.65,93.62,144.85,19.01,9,1.5,173.14,8.15,5,8,8,India,60.01
94,ZetaRobotics,Lending solution in the FinTech space,FinTech,Lending,Hybrid,Pre-Seed,23.45,67.14,103.41,25.7,8,4.9,26.79,10.91,7,2,4,India,54.34
95,EpsilonGaming,EV solution in the Mobility space,Mobility,EV,Freemium SaaS,Seed,2.49,84.2,64,19.86,21,2.7,92.13,2.15,5,7,8,Brazil,58.99
96,FusionDynamics,Carbon Capture solution in the CleanTech space,CleanTech,Carbon Capture,Hardware,Pre-Seed,16.39,41.35,15.21,44.72,6,3,49.92,14.83,10,9,3,India,35.78
97,NovaEdu,Subscription Box solution in the E-commerce space,E-commerce,Subscription Box,Marketplace,Series B,54.44,542.08,725.67,23.77,122,6.4,19.4,6.56,5,5,10,Netherlands,68.33
98,PioneerCloud,Ride-sharing solution in the Mobility space,Mobility,Ride-sharing,Hardware,Seed,1.44,49.92,45.85,37.98,24,5.3,35.16,3.36,9,9,7,Brazil,44.23
99,LambdaComms,NLP solution in the AI/ML space,AI/ML,NLP,Hardware,Pre-Seed,22.63,96.23,118.46,13.53,14,1.9,158.36,10.56,7,1,6,Brazil,62.89
100,EpsilonGaming,OT Security solution in the Cybersecurity space,Cybersecurity,OT Security,B2B SaaS,Pre-Seed,4.84,198.25,233.07,10.67,6,5.5,53.02,8.01,10,6,2,Brazil,40.85
101,AlphaDynamics,Biotech solution in the HealthTech space,HealthTech,Biotech,Hardware,Series B,75.14,632.36,734.67,30.74,115,6.4,88.85,11.43,3,2,8,Canada,68.7
102,GammaBiotech,Autonomous Systems solution in the AI/ML space,AI/ML,Autonomous Systems,Freemium SaaS,Series B,126.18,653.93,782.79,13.27,112,7.8,182.65,4.74,7,6,8,Israel,58.19
103,LambdaRobotics,Payments solution in the FinTech space,FinTech,Payments,B2C Subscription,Series A,65.45,369,411.52,18.96,42,5.9,50.95,13.32,7,2,2,Brazil,50.45
104,AlphaHealth,Test Prep solution in the EdTech space,EdTech,Test Prep,Marketplace,Series A,51.33,338.58,263.87,26.49,42,2.5,193.94,5.36,5,6,6,Australia,55.98
105,OrbitFinance,Workforce Upskilling solution in the EdTech space,EdTech,Workforce Upskilling,Hybrid,Series A,7.13,358.04,406.26,18.47,44,6.2,68.73,12.78,3,3,3,India,56.95
106,SparkAnalytics,VR/AR Games solution in the Gaming space,Gaming,VR/AR Games,Hardware,Series B,19.56,522.17,605.2,30.01,108,7.7,9.26,11.57,3,4,8,Canada,64.21
107,AlphaFoods,Micro-mobility solution in the Mobility space,Mobility,Micro-mobility,Marketplace,Series A,15.53,403.84,503.7,19.3,52,5.5,55.41,2.74,3,2,8,Singapore,70.44
108,VertexAI,Game Engines solution in the Gaming space,Gaming,Game Engines,Hardware,Series B,46.66,636.38,766.25,22.33,114,5.8,10.23,3.93,4,7,8,India,61.81
109,CoreEnergy,Carbon Capture solution in the CleanTech space,CleanTech,Carbon Capture,Hybrid,Seed,15.38,117.32,190.68,-8.96,20,6.2,41.97,10.75,5,1,7,Canada,68.45
110,SparkGaming,Payments solution in the FinTech space,FinTech,Payments,Marketplace,Series A,8.74,268.81,418.27,13.09,54,6.4,189.03,10.88,4,10,6,Germany,54.37
111,EpsilonSystems,Battery Storage solution in the CleanTech space,CleanTech,Battery Storage,Freemium SaaS,Series A,137.38,297.12,366.6,25.51,54,7.3,79.99,10.47,5,8,1,Netherlands,41.56
112,GammaRobotics,NLP solution in the AI/ML space,AI/ML,NLP,Marketplace,Series A,8.05,315.13,340.44,14.36,59,6.7,114.27,11.6,3,4,3,Israel,54.8
113,ZetaAI,MLOps solution in the AI/ML space,AI/ML,MLOps,Hardware,Series C,44.91,1048.2,1317.31,2.72,266,5.4,163.93,3.56,5,6,2,Brazil,56.25
114,LambdaLogistics,Digital Pharmacy solution in the HealthTech space,HealthTech,Digital Pharmacy,Hybrid,Seed,22.21,91.35,110.4,9.04,19,1.1,78.93,7.83,7,1,5,Israel,61.84
115,QuantumAI,Biotech solution in the HealthTech space,HealthTech,Biotech,Hybrid,Seed,4.43,33.85,122.72,30.1,22,6,104.78,8.23,6,2,4,Brazil,56.16
116,SparkAnalytics,InsurTech solution in the FinTech space,FinTech,InsurTech,Freemium SaaS,Pre-Seed,5.7,0,0,30.23,7,8.9,130.2,13.67,8,5,7,India,49.8
117,BetaRobotics,K-12 solution in the EdTech space,EdTech,K-12,Hardware,Pre-Seed,8.03,46.87,18.55,17.19,9,2,37.87,10.85,4,9,3,Australia,48.28
118,FusionFinance,Micro-mobility solution in the Mobility space,Mobility,Micro-mobility,Hybrid,Series A,16.78,305.27,299.62,8.99,51,6.6,192.66,8.29,3,7,2,Brazil,48.15
119,OmicronHealth,VR/AR Games solution in the Gaming space,Gaming,VR/AR Games,Freemium SaaS,Seed,8.84,168.21,208.11,15.71,30,4.1,47.16,4.76,8,8,4,Singapore,45.55
120,FusionEnergy,Wearables solution in the HealthTech space,HealthTech,Wearables,B2B SaaS,Seed,7.63,29.87,123.32,7.56,24,2.6,164.88,7.51,4,2,8,India,72.1
121,BetaBiotech,Solar solution in the CleanTech space,CleanTech,Solar,B2C Subscription,Series C,31.86,1013.95,1174.97,36.45,254,7.3,44.91,3.24,10,4,2,Israel,43.71
122,LambdaBiotech,Wind solution in the CleanTech space,CleanTech,Wind,B2C Subscription,Series A,27.97,302.19,355.28,24.64,44,10.4,119.71,8.46,10,1,5,UK,49.83
123,ZetaSystems,Test Prep solution in the EdTech space,EdTech,Test Prep,Freemium SaaS,Series B,28.7,681.96,902.24,9.46,106,7.1,56.28,3.03,3,1,6,Germany,71.34
124,AlphaSolutions,Game Engines solution in the Gaming space,Gaming,Game Engines,Marketplace,Pre-Seed,27.19,20.92,0,13.51,5,1.6,176.26,10.46,7,9,2,India,42.45
125,QuantumEdu,Autonomous Vehicles solution in the Mobility space,Mobility,Autonomous Vehicles,Hybrid,Pre-Seed,1.5,68.7,143.82,7.9,10,2.2,91.17,11.83,9,4,10,USA,65.31
126,PioneerTech,Ag Robotics solution in the Agritech space,Agritech,Ag Robotics,B2B SaaS,Series C,58.27,1065.7,1218.11,9.66,279,3.2,168.72,8.77,7,7,2,Brazil,49.21
127,GammaBiotech,EV solution in the Mobility space,Mobility,EV,Hybrid,Pre-Seed,4.06,61.27,47.15,23.62,7,4.2,62.49,7.16,3,5,10,Netherlands,67.49
128,ApexMobility,Ag Robotics solution in the Agritech space,Agritech,Ag Robotics,Hybrid,Seed,13.02,207.79,192.78,28.36,25,4.1,186.26,3.51,9,10,7,India,44.59
129,VertexFoods,Digital Pharmacy solution in the HealthTech space,HealthTech,Digital Pharmacy,B2C Subscription,Seed,5.2,158.32,218.41,26,17,1.6,139.6,6.5,8,7,7,India,54.5
130,NovaAI,Autonomous Systems solution in the AI/ML space,AI/ML,Autonomous Systems,Marketplace,Series C,41.16,1002.53,1211.56,12.75,249,6.4,153.43,4.27,8,2,2,India,54.2
131,DeltaEnergy,Biotech solution in the HealthTech space,HealthTech,Biotech,B2C Subscription,Series A,2.66,303.2,345.25,5.08,37,7,87.63,6.05,10,9,9,Singapore,50
132,QuantumFinance,Biotech solution in the HealthTech space,HealthTech,Biotech,Freemium SaaS,Pre-Seed,7.72,0,14.66,22.83,6,2.4,13.52,14.93,5,10,5,Singapore,48.86
133,EpsilonGaming,Digital Pharmacy solution in the HealthTech space,HealthTech,Digital Pharmacy,B2C Subscription,Series B,61.49,583.15,669.11,11.98,126,6.3,163.17,10,6,9,6,India,51.16
134,VertexCloud,D2C solution in the E-commerce space,E-commerce,D2C,Hybrid,Series A,20.13,347.48,342.73,-10.54,41,7.9,91.06,4.53,9,1,10,Canada,65.13
135,OmicronRobotics,Lending solution in the FinTech space,FinTech,Lending,Marketplace,Seed,2.9,9.9,38.95,27.59,24,2.8,5.8,5.38,3,3,10,Australia,72.01
136,AlphaLabs,Digital Pharmacy solution in the HealthTech space,HealthTech,Digital Pharmacy,Freemium SaaS,Seed,0.93,72.69,106.82,5.21,31,4.4,23.73,9.12,7,7,8,Singapore,57.2
137,SigmaBiotech,Test Prep solution in the EdTech space,EdTech,Test Prep,Hybrid,Series A,52.31,292.07,349.12,5.67,41,5.7,76.43,7.13,1,3,3,Netherlands,61.87
138,OmicronFoods,Payments solution in the FinTech space,FinTech,Payments,Freemium SaaS,Seed,29.06,173.56,197.81,13.31,23,6.1,52.42,12.93,10,8,7,Canada,46.82
139,QuantumFinance,Solar solution in the CleanTech space,CleanTech,Solar,B2B SaaS,Seed,41.51,69.71,120.76,22.99,22,4.1,31.73,11.59,10,8,9,Canada,52.16
140,ApexMobility,Lending solution in the FinTech space,FinTech,Lending,B2B SaaS,Pre-Seed,4.04,150.67,187.63,16.35,4,4.4,60.71,6.55,5,4,3,Canada,53.67
141,DeltaTech,Social Commerce solution in the E-commerce space,E-commerce,Social Commerce,Hardware,Series A,34.61,357.89,406.9,10.64,39,4.4,6.15,3.07,3,3,7,Israel,67.11
142,GammaLogistics,Battery Storage solution in the CleanTech space,CleanTech,Battery Storage,Freemium SaaS,Pre-Seed,14.93,80.36,161.99,7.47,8,3,196.03,9.82,1,8,2,Singapore,54.95
143,CoreLogistics,VR/AR Games solution in the Gaming space,Gaming,VR/AR Games,Freemium SaaS,Series A,68.22,325.39,417.38,25.73,41,3.9,89,9.97,5,2,7,USA,65.76
144,SparkFoods,NLP solution in the AI/ML space,AI/ML,NLP,Freemium SaaS,Series B,11.32,588.94,692.89,18.07,113,7.6,172.55,13,2,7,2,Germany,51.11
145,OrbitLabs,OT Security solution in the Cybersecurity space,Cybersecurity,OT Security,Hardware,Series B,47.77,614.13,724.52,31.07,133,7.3,37.13,9.09,6,4,6,UK,56.73
146,OrbitEdu,Telemedicine solution in the HealthTech space,HealthTech,Telemedicine,B2C Subscription,Series B,139.6,619.98,711.41,9.71,120,7.2,147.09,9.05,6,6,3,Germany,49.37
147,OmicronNetworks,Digital Pharmacy solution in the HealthTech space,HealthTech,Digital Pharmacy,B2C Subscription,Series A,24.35,430.08,544.37,-2.61,54,8.6,33.69,8,2,3,8,Brazil,70.74
148,CoreMobility,VR/AR Games solution in the Gaming space,Gaming,VR/AR Games,Marketplace,Series B,93.55,589.55,664.93,9.19,122,7.2,123.97,4.44,6,3,8,India,63.44
149,SigmaAI,Autonomous Vehicles solution in the Mobility space,Mobility,Autonomous Vehicles,Hybrid,Pre-Seed,19.25,19.51,16.71,20.15,7,5.4,199.27,6.79,9,2,5,Brazil,52.44
150,BetaEnergy,EV solution in the Mobility space,Mobility,EV,Marketplace,Pre-Seed,5.48,136.35,143.64,22.25,4,5.9,72.39,12.32,2,10,10,Israel,60.57
151,CoreCloud,OT Security solution in the Cybersecurity space,Cybersecurity,OT Security,Freemium SaaS,Series B,63.11,558.21,780.56,12.04,99,9.7,121.49,10.79,8,10,4,Singapore,44.19
152,OrbitDynamics,VR/AR Games solution in the Gaming space,Gaming,VR/AR Games,B2B SaaS,Seed,33.42,68.76,123.9,19.93,12,6.6,68.18,12.2,6,2,9,UK,65.71
153,PioneerFoods,Lending solution in the FinTech space,FinTech,Lending,Hybrid,Seed,15.77,134.1,22.24,28.01,14,2.3,45.68,9.78,3,6,6,Canada,58.97
154,NovaMobility,OT Security solution in the Cybersecurity space,Cybersecurity,OT Security,B2B SaaS,Series A,18.03,309.49,400.23,33.62,56,3.8,83.16,12.92,6,2,6,India,61.51
155,SigmaAI,Supply Chain solution in the Agritech space,Agritech,Supply Chain,Freemium SaaS,Series B,142.44,503.13,541.09,18.49,115,4.9,104.58,5.88,10,3,6,India,53.11
156,QuantumRobotics,Esports solution in the Gaming space,Gaming,Esports,Freemium SaaS,Series A,37.23,351.65,412.23,11.31,57,6.8,97.63,3.74,7,3,10,India,65.59
157,NovaDynamics,Subscription Box solution in the E-commerce space,E-commerce,Subscription Box,Freemium SaaS,Series A,23.68,281.08,193.73,13.39,55,6.7,28.8,11.77,9,2,7,Israel,56.14
158,QuantumRobotics,Vision solution in the AI/ML space,AI/ML,Vision,B2C Subscription,Series C,22.69,1017.67,1227.28,5.24,238,4.2,51.41,5.54,6,8,4,Germany,54.61
159,GammaRobotics,Workforce Upskilling solution in the EdTech space,EdTech,Workforce Upskilling,B2B SaaS,Seed,5.79,178.41,187.79,19.86,14,0.5,180.17,2.28,9,9,1,Singapore,37.92
160,SparkLogistics,Esports solution in the Gaming space,Gaming,Esports,B2C Subscription,Pre-Seed,3.25,62.35,79.19,27.02,7,4.2,113.94,8.03,10,3,8,USA,56.15
161,LambdaFoods,Cloud Security solution in the Cybersecurity space,Cybersecurity,Cloud Security,Hybrid,Seed,7.88,117.4,100.46,16.85,15,5.3,113.12,8.8,8,4,9,Germany,59.34
162,ThetaEnergy,Subscription Box solution in the E-commerce space,E-commerce,Subscription Box,Freemium SaaS,Series B,38.1,585.22,709.88,18.79,101,9.6,97.97,4.16,8,8,5,Australia,45.66
163,ZetaNetworks,Supply Chain solution in the Agritech space,Agritech,Supply Chain,Hybrid,Pre-Seed,5.16,150.5,269.09,9.66,5,2.7,53.21,4.14,5,1,8,Singapore,72.57
164,OrbitSystems,Precision Farming solution in the Agritech space,Agritech,Precision Farming,Marketplace,Pre-Seed,11.96,108.1,91.3,5.54,8,4.2,93.86,13.82,3,5,8,Israel,65.3
165,GammaAnalytics,Language Learning solution in the EdTech space,EdTech,Language Learning,Hardware,Series B,47.26,759.66,926.53,7.48,132,6.2,58.85,12.31,1,7,1,Australia,54.61
166,LambdaLogistics,Ag Robotics solution in the Agritech space,Agritech,Ag Robotics,B2B SaaS,Seed,2.34,193.66,286.39,15.53,27,6.6,33.28,11.05,1,6,2,Singapore,54.78
167,BetaRobotics,Workforce Upskilling solution in the EdTech space,EdTech,Workforce Upskilling,Hardware,Series A,12,351.5,405.06,10.96,43,4.1,89.18,10,3,8,8,Netherlands,61.94
168,AlphaAI,Payments solution in the FinTech space,FinTech,Payments,B2C Subscription,Series B,76.62,601.21,792.06,14.2,124,6.9,176.62,7.56,9,10,9,Australia,53.63
169,LambdaRobotics,Wearables solution in the HealthTech space,HealthTech,Wearables,B2B SaaS,Pre-Seed,19.1,179.48,244.36,23.26,10,3.8,165.99,6.36,7,10,8,India,52.27
170,SparkCloud,Biotech solution in the HealthTech space,HealthTech,Biotech,B2B SaaS,Series A,3.35,327.29,350.75,9.35,47,5.2,150.27,10.46,10,4,3,Canada,45.87
171,SparkEnergy,Network Security solution in the Cybersecurity space,Cybersecurity,Network Security,B2C Subscription,Series A,5.96,362.19,429.48,27.25,40,8.4,15.79,4.27,3,2,9,Singapore,68.49
172,ApexGaming,Telemedicine solution in the HealthTech space,HealthTech,Telemedicine,B2B SaaS,Series A,8.19,279.9,362.09,9.91,53,7.6,103.51,5.97,6,5,1,Singapore,46.27
173,LambdaSystems,Wearables solution in the HealthTech space,HealthTech,Wearables,Hybrid,Series A,45.74,234.16,317.17,21.67,53,6.5,112.97,3.44,6,3,1,Singapore,48.95
174,ZetaFoods,Ag Robotics solution in the Agritech space,Agritech,Ag Robotics,Freemium SaaS,Seed,12.43,14.76,0,21.41,13,6.2,10.32,11.62,3,3,2,Brazil,53.21
175,ThetaHealth,InsurTech solution in the FinTech space,FinTech,InsurTech,B2C Subscription,Series B,45.72,621.08,723.53,22.51,138,7.8,57.74,13.35,6,5,9,Australia,61.47
176,OmicronHealth,Supply Chain solution in the Agritech space,Agritech,Supply Chain,Freemium SaaS,Pre-Seed,4.85,66.98,48.09,10.89,4,4.2,60.85,5.9,6,1,6,Canada,62.26
177,VertexLogistics,Wearables solution in the HealthTech space,HealthTech,Wearables,Freemium SaaS,Seed,15.8,185.53,217.41,18.31,24,4.1,14.6,12.81,7,6,3,Brazil,47.55
178,OrbitAI,Micro-mobility solution in the Mobility space,Mobility,Micro-mobility,B2B SaaS,Series A,50.88,253.63,316.27,24.75,60,7,104.45,7.6,2,7,10,UK,65.65
179,NovaSystems,Ag Robotics solution in the Agritech space,Agritech,Ag Robotics,B2B SaaS,Seed,4.38,8.47,35.72,33.74,27,7.2,119.16,11.13,5,5,8,Netherlands,58.04
180,PioneerEnergy,Identity solution in the Cybersecurity space,Cybersecurity,Identity,Hardware,Pre-Seed,21.16,53.77,0,17.54,9,2.3,95.55,2.59,6,10,7,Canada,51.52
181,ApexEnergy,Payments solution in the FinTech space,FinTech,Payments,Hybrid,Series B,38.73,565.38,608.14,14.17,123,6.2,3.09,2.1,3,1,3,Netherlands,60.22
182,EpsilonLabs,EV solution in the Mobility space,Mobility,EV,B2C Subscription,Series A,6.26,284.54,303.84,18.19,50,8.7,186.49,7.16,6,6,7,Netherlands,53.23
183,PioneerEnergy,Lending solution in the FinTech space,FinTech,Lending,Marketplace,Seed,8.76,62.4,58.93,12.04,20,7.8,198.58,3.71,2,10,3,Israel,45.95
184,NovaAI,Autonomous Systems solution in the AI/ML space,AI/ML,Autonomous Systems,B2C Subscription,Series C,52.01,964.58,1081.81,-3.03,275,2.8,122.37,6.02,1,3,8,Israel,76.72
185,OmicronAI,Network Security solution in the Cybersecurity space,Cybersecurity,Network Security,Freemium SaaS,Seed,5.02,107.34,209.42,28.97,14,0.5,25.96,7.45,10,5,8,Germany,58.29
186,GammaFoods,Digital Pharmacy solution in the HealthTech space,HealthTech,Digital Pharmacy,B2C Subscription,Series B,30.71,593.44,715.97,12.75,142,4.7,136.38,6.7,8,2,6,Singapore,60.88
187,SigmaSolutions,Wearables solution in the HealthTech space,HealthTech,Wearables,Freemium SaaS,Series A,18.56,300.94,396.54,17.33,52,4.8,180.69,2.86,3,6,9,Germany,67.03
188,EpsilonAnalytics,Digital Pharmacy solution in the HealthTech space,HealthTech,Digital Pharmacy,Hardware,Pre-Seed,9.87,0,5.43,19.67,5,3.6,69.95,11.48,9,10,6,Brazil,44
189,SparkLabs,Vertical Farming solution in the Agritech space,Agritech,Vertical Farming,B2B SaaS,Seed,16.05,121.36,113.32,37.75,22,6,90.39,12.38,8,9,7,Australia,45.23
190,EpsilonBiotech,Mobile Games solution in the Gaming space,Gaming,Mobile Games,Freemium SaaS,Pre-Seed,4.32,64.43,90.33,18.66,9,5.6,178.24,6.5,8,9,6,UK,46.21
191,EpsilonFinance,Vertical Farming solution in the Agritech space,Agritech,Vertical Farming,Hybrid,Series B,155.75,669.78,775.63,12.91,117,7.9,74.19,4.83,1,2,9,UK,74.46
192,ZetaBiotech,D2C solution in the E-commerce space,E-commerce,D2C,Freemium SaaS,Pre-Seed,26.91,48.68,72.42,11.9,5,4.8,8.13,7.04,9,5,2,Canada,43.92
193,EpsilonRobotics,Battery Storage solution in the CleanTech space,CleanTech,Battery Storage,Hybrid,Seed,6.01,179.93,243.96,17.05,17,6.3,196.83,5.75,9,3,10,Netherlands,62.49
194,SparkMobility,Workforce Upskilling solution in the EdTech space,EdTech,Workforce Upskilling,Marketplace,Series B,73.38,594.63,735.94,-0.71,121,3.7,111.63,9.04,10,1,1,India,52.04
195,ThetaComms,InsurTech solution in the FinTech space,FinTech,InsurTech,Hardware,Series A,33.46,325.04,300,9.57,45,5.7,55.51,14.56,1,8,9,Canada,64.27
196,LambdaLogistics,Subscription Box solution in the E-commerce space,E-commerce,Subscription Box,Marketplace,Seed,5.06,1.04,38.64,9.27,19,4.5,98.8,7.22,1,3,8,Australia,71.83
197,ThetaBiotech,Autonomous Vehicles solution in the Mobility space,Mobility,Autonomous Vehicles,Hybrid,Pre-Seed,17.83,147.92,116.03,24.97,8,3.3,159.25,5.58,6,6,7,UK,56.03
198,NovaAnalytics,Vision solution in the AI/ML space,AI/ML,Vision,Hardware,Pre-Seed,9.25,43.77,0,19.87,12,4.8,165.85,11.94,8,4,3,India,47.41
199,ApexMobility,InsurTech solution in the FinTech space,FinTech,InsurTech,Hardware,Pre-Seed,11.52,54.48,55.51,18.49,10,7.9,145.1,11,3,6,10,Singapore,63.76
200,NimbusEdu,Wind solution in the CleanTech space,CleanTech,Wind,Hardware,Seed,6.09,79.5,58.05,31.45,17,2.9,191.57,2.12,5,8,1,India,42.18
201,LambdaNetworks,OT Security solution in the Cybersecurity space,Cybersecurity,OT Security,Hybrid,Seed,4.81,142.83,197.15,27.16,24,5.2,123.49,3.15,1,5,8,Netherlands,67.01
202,FusionTech,Micro-mobility solution in the Mobility space,Mobility,Micro-mobility,B2B SaaS,Seed,10.59,58.99,69.59,3.6,11,0.7,23.98,12.51,5,6,7,Singapore,61.93
203,BetaComms,WealthTech solution in the FinTech space,FinTech,WealthTech,Hybrid,Pre-Seed,7.57,80.43,73.35,17.81,6,2.5,161.09,14.08,9,5,2,Australia,44.34
204,FusionAI,Supply Chain solution in the Agritech space,Agritech,Supply Chain,Hybrid,Series A,9.47,341.47,400.07,12.35,44,2,195.84,9.85,2,3,2,Australia,60.52
205,FusionEnergy,MLOps solution in the AI/ML space,AI/ML,MLOps,B2C Subscription,Pre-Seed,21.94,0,0,21.84,10,2.5,100.35,5.7,9,7,9,USA,54.94
206,EpsilonBiotech,Payments solution in the FinTech space,FinTech,Payments,Hardware,Seed,15.06,116.76,92.74,13.74,17,4,14.41,12.91,3,10,9,UK,59.13
207,ZetaLogistics,MLOps solution in the AI/ML space,AI/ML,MLOps,Hybrid,Series A,10.11,356.28,413.89,7.22,45,8.1,178.59,7.64,5,10,6,Israel,49.43
208,CoreRobotics,Supply Chain solution in the Agritech space,Agritech,Supply Chain,Hardware,Series B,32.11,588.69,744.23,14.34,116,10,141.36,2.06,6,6,2,Australia,46.73
209,AlphaMobility,Game Engines solution in the Gaming space,Gaming,Game Engines,Hardware,Seed,11.22,59.18,80.59,20.68,23,4.4,129.54,2.63,10,10,4,USA,38.27
210,ZetaEdu,VR/AR Games solution in the Gaming space,Gaming,VR/AR Games,Freemium SaaS,Series A,15.99,320.4,378.23,-13.33,49,6,75,6.81,7,3,4,USA,56.57
211,ThetaTech,Mobile Games solution in the Gaming space,Gaming,Mobile Games,Hardware,Seed,19.85,84,80.97,24.83,22,3.5,136.21,9.9,3,7,4,Australia,52.89
212,BetaDynamics,Supply Chain solution in the Agritech space,Agritech,Supply Chain,Hybrid,Pre-Seed,9.9,12.9,0,32.75,8,5.6,24.08,8.71,6,8,9,Australia,54.52
213,PioneerCloud,NLP solution in the AI/ML space,AI/ML,NLP,Marketplace,Seed,13.37,74.34,77.78,10.06,20,8.8,3.96,8.03,5,10,8,Germany,51
214,FusionRobotics,Battery Storage solution in the CleanTech space,CleanTech,Battery Storage,B2C Subscription,Series B,102.28,601.12,748.7,3.19,129,8.2,105.22,14.69,5,5,4,Brazil,55.96
215,QuantumCloud,Autonomous Systems solution in the AI/ML space,AI/ML,Autonomous Systems,Freemium SaaS,Seed,12.66,129.59,137.81,14.26,24,1.5,2.27,5.9,2,10,9,Australia,62.7
216,EpsilonRobotics,Cloud Security solution in the Cybersecurity space,Cybersecurity,Cloud Security,B2B SaaS,Seed,2.28,108.24,132.43,21.73,24,4.5,80.81,5.94,2,6,8,Canada,64.18
217,ThetaCloud,Ride-sharing solution in the Mobility space,Mobility,Ride-sharing,Marketplace,Series B,50.27,517.84,612.62,31.61,143,6,192.63,2.98,5,3,2,Netherlands,52.18
218,LambdaHealth,Esports solution in the Gaming space,Gaming,Esports,Freemium SaaS,Series B,65.66,536.99,613.57,11.25,124,5.4,116.5,3.91,4,4,1,India,52.12
219,NimbusSystems,Cloud Security solution in the Cybersecurity space,Cybersecurity,Cloud Security,Freemium SaaS,Series A,29.92,357.01,507.44,4.85,45,5.5,95.06,13.57,1,9,3,Australia,55.9
220,ThetaRobotics,Autonomous Vehicles solution in the Mobility space,Mobility,Autonomous Vehicles,Marketplace,Seed,10.73,84.01,108.4,11.65,20,8.2,101.12,10.84,1,2,10,Germany,73.92
221,ZetaFinance,Precision Farming solution in the Agritech space,Agritech,Precision Farming,B2C Subscription,Series B,46.9,582.13,689.54,28.73,121,3.2,11.9,12.97,1,7,8,UK,66.95
222,AlphaRobotics,Marketplace solution in the E-commerce space,E-commerce,Marketplace,Hybrid,Series A,16.23,278.54,363.68,-0.98,49,6.9,16.47,10.09,6,5,8,Israel,61.98
223,EpsilonEdu,Supply Chain solution in the Agritech space,Agritech,Supply Chain,Hardware,Seed,10.39,100.96,89.08,24.88,20,5.4,133.99,4.12,2,6,3,Brazil,52.46
224,AlphaBiotech,D2C solution in the E-commerce space,E-commerce,D2C,Marketplace,Series A,7.14,374.21,466.83,11.87,63,6,127.6,4.89,4,3,10,Australia,71.59
225,GammaLogistics,Cloud Security solution in the Cybersecurity space,Cybersecurity,Cloud Security,Freemium SaaS,Pre-Seed,14.97,27.4,9.38,22.66,5,5.5,198.66,2.58,3,8,6,Germany,54.11
226,ApexAnalytics,InsurTech solution in the FinTech space,FinTech,InsurTech,Hardware,Series A,17.37,267.53,387.1,29.2,52,4.8,157.93,5.26,6,5,10,Netherlands,65.57
227,QuantumAnalytics,InsurTech solution in the FinTech space,FinTech,InsurTech,B2B SaaS,Series A,4.15,344.63,353,22.31,39,5.2,190.19,9.56,8,5,3,Australia,45.62
228,DeltaRobotics,Ag Robotics solution in the Agritech space,Agritech,Ag Robotics,Marketplace,Series A,34.78,398.82,400.37,31.17,45,6.2,179.03,14.3,4,3,8,UK,62.78
229,VertexCloud,Micro-mobility solution in the Mobility space,Mobility,Micro-mobility,Hardware,Series A,17.27,346.08,408.92,30.11,50,3.5,67.65,13.12,4,4,10,India,69.25
230,OrbitEnergy,Supply Chain solution in the Agritech space,Agritech,Supply Chain,B2B SaaS,Series B,73.03,469.79,573.7,19.37,114,6.8,154.68,10.51,2,1,9,Israel,74.58
231,ZetaBiotech,Wind solution in the CleanTech space,CleanTech,Wind,Hybrid,Seed,1.78,115.98,113.97,19.18,14,2.6,194.67,4.94,4,10,8,India,56.13
232,BetaFoods,Supply Chain solution in the Agritech space,Agritech,Supply Chain,B2C Subscription,Seed,7.59,45.64,0.48,26.79,23,1.7,85.68,5.94,8,10,1,Israel,36.05
233,AlphaLogistics,Micro-mobility solution in the Mobility space,Mobility,Micro-mobility,Marketplace,Series B,141.92,550.94,637.91,19.62,116,4.8,118.95,10.59,4,10,2,USA,45.05
234,GammaCloud,Cloud Security solution in the Cybersecurity space,Cybersecurity,Cloud Security,B2B SaaS,Series B,170.36,604.27,684.71,6.7,130,7,190.54,2.55,2,8,1,Canada,48.49
235,EpsilonFinance,Identity solution in the Cybersecurity space,Cybersecurity,Identity,Marketplace,Series C,91.87,924.85,1162.42,5.02,263,10,75.12,14.13,7,8,7,Australia,55.63
236,QuantumSystems,Digital Pharmacy solution in the HealthTech space,HealthTech,Digital Pharmacy,B2C Subscription,Series C,657.16,1026.73,1276.46,11.79,277,9.6,146.34,13.2,7,9,3,Germany,46.11
237,SigmaFoods,Payments solution in the FinTech space,FinTech,Payments,Freemium SaaS,Series A,39.3,269.14,295.05,4,59,6.9,189.52,8.45,7,9,7,Germany,50.2
238,QuantumDynamics,Carbon Capture solution in the CleanTech space,CleanTech,Carbon Capture,Marketplace,Pre-Seed,28.21,0,0,26.96,3,5.7,141.33,14.61,2,1,7,Netherlands,67.53
239,ThetaLabs,Lending solution in the FinTech space,FinTech,Lending,B2B SaaS,Series A,5.96,282.15,383.1,20.75,34,7.4,37.49,12.4,8,10,1,Germany,35.4
240,PioneerAnalytics,WealthTech solution in the FinTech space,FinTech,WealthTech,Hybrid,Pre-Seed,10.35,0,54.86,15.21,9,2.3,135.46,2.67,1,3,9,Canada,75.4
241,CoreMobility,Battery Storage solution in the CleanTech space,CleanTech,Battery Storage,Freemium SaaS,Series B,13.18,620.43,693.05,1.47,124,4.7,15.53,12.19,4,5,3,Israel,56.01
242,SigmaAI,Carbon Capture solution in the CleanTech space,CleanTech,Carbon Capture,B2B SaaS,Series A,68.51,273.21,242.48,3.83,35,8.5,189,10.34,10,3,7,Israel,52.74
243,QuantumLogistics,EV solution in the Mobility space,Mobility,EV,Hybrid,Seed,18.06,172.42,188.92,6.74,23,2.1,87.54,14.74,7,7,3,Canada,48.25
244,FusionGaming,Identity solution in the Cybersecurity space,Cybersecurity,Identity,B2C Subscription,Series B,25.39,601.64,684.04,12.7,128,4.2,85.7,6.5,5,3,8,USA,67.05
245,VertexCloud,Supply Chain solution in the Agritech space,Agritech,Supply Chain,Hybrid,Pre-Seed,2.23,17.5,16.83,5.5,6,3.8,20.23,9.79,4,5,4,Singapore,56.1
246,QuantumLabs,Biotech solution in the HealthTech space,HealthTech,Biotech,Hybrid,Series A,23.3,374.93,512.3,26.9,52,8,55.68,9.77,4,1,5,Australia,62.93
247,GammaNetworks,Mobile Games solution in the Gaming space,Gaming,Mobile Games,Hybrid,Series A,16.91,313.84,459.82,22.25,54,6.1,52.11,7.85,9,4,8,Germany,59.08
248,AlphaNetworks,MLOps solution in the AI/ML space,AI/ML,MLOps,B2C Subscription,Series C,44.49,994.51,1218.29,11.15,226,6.8,87.85,3.2,2,8,4,Netherlands,58.5
249,LambdaCloud,Carbon Capture solution in the CleanTech space,CleanTech,Carbon Capture,Marketplace,Series A,25.87,309.48,291.1,10.61,49,6,123.43,10.29,7,8,9,Singapore,54.94
250,QuantumEdu,Social Commerce solution in the E-commerce space,E-commerce,Social Commerce,Hardware,Seed,6.89,140.38,119.79,23.59,16,5.1,51.02,2.81,8,6,4,Singapore,45.82
251,BetaComms,Autonomous Systems solution in the AI/ML space,AI/ML,Autonomous Systems,B2C Subscription,Series A,78.57,284.96,422.7,24.97,58,3.2,124.12,11.66,1,5,9,Netherlands,73.24
252,SigmaDynamics,VR/AR Games solution in the Gaming space,Gaming,VR/AR Games,B2C Subscription,Seed,8.72,107.72,214.86,18.15,28,2.8,108.59,5.5,7,10,4,Brazil,46.8
253,OmicronGaming,Ag Robotics solution in the Agritech space,Agritech,Ag Robotics,Freemium SaaS,Series A,38.41,286.52,399.17,21.41,49,7.7,86.67,7.75,8,8,3,Singapore,42.46
254,FusionGaming,Workforce Upskilling solution in the EdTech space,EdTech,Workforce Upskilling,B2C Subscription,Series B,24.19,626.92,761.52,10.21,120,2.5,99.24,14.05,9,1,9,USA,69.14
255,AlphaFinance,Telemedicine solution in the HealthTech space,HealthTech,Telemedicine,B2C Subscription,Series B,66.8,581.19,784.89,4.82,112,7.1,176.57,12.58,4,2,3,USA,62.3
256,QuantumHealth,Carbon Capture solution in the CleanTech space,CleanTech,Carbon Capture,Hybrid,Series A,8.75,265.28,334.83,4.92,44,3.8,108.04,6.64,10,8,8,USA,52.74
257,AlphaTech,WealthTech solution in the FinTech space,FinTech,WealthTech,Hybrid,Series A,46.49,276.66,298.59,25.06,46,7.4,175.51,3.33,9,5,1,Israel,38.6
258,DeltaSystems,Identity solution in the Cybersecurity space,Cybersecurity,Identity,Hybrid,Pre-Seed,7.44,103.24,16.87,5.99,11,4,25.28,4.15,4,10,9,Canada,58.4
259,ApexLabs,MLOps solution in the AI/ML space,AI/ML,MLOps,Marketplace,Series C,59.72,1087.23,1290.63,19.25,243,6.2,122.34,5.19,8,10,4,Germany,45.53
260,BetaLabs,Marketplace solution in the E-commerce space,E-commerce,Marketplace,Hardware,Seed,2.18,92.7,81.59,12.63,31,2.6,112.26,7.41,9,8,1,USA,38.29
261,NimbusFinance,K-12 solution in the EdTech space,EdTech,K-12,Freemium SaaS,Series A,58.75,183.47,274.46,25.55,42,8,127.02,8.92,10,2,9,USA,59.17
262,CoreGaming,Wind solution in the CleanTech space,CleanTech,Wind,Marketplace,Pre-Seed,6.09,62.59,29.26,16.64,7,2.4,5.59,12.31,2,5,9,Netherlands,69.04
263,NovaTech,Lending solution in the FinTech space,FinTech,Lending,B2C Subscription,Series A,19.36,261.75,415.53,24.58,54,8.5,164.63,12.96,7,2,5,UK,57.28
264,CoreLogistics,Esports solution in the Gaming space,Gaming,Esports,Freemium SaaS,Series B,60.68,495.71,585.51,12.61,109,8.9,176.75,8.06,6,7,3,India,46.26
265,BetaSystems,Ag Robotics solution in the Agritech space,Agritech,Ag Robotics,Hardware,Pre-Seed,6.37,15.09,4.32,29.41,7,1.8,71.4,6.84,2,6,10,Netherlands,68.71
266,NovaTech,VR/AR Games solution in the Gaming space,Gaming,VR/AR Games,Freemium SaaS,Seed,4.26,90.66,77.91,37.62,22,3.4,3.66,4.83,8,8,4,Singapore,42.69
267,VertexSolutions,Supply Chain solution in the Agritech space,Agritech,Supply Chain,Freemium SaaS,Series A,16.99,405.51,500.04,30.13,52,7.5,104.57,3.82,7,2,10,Canada,65.7
268,GammaAI,Solar solution in the CleanTech space,CleanTech,Solar,B2C Subscription,Seed,12.17,153.71,260.76,12.79,24,5.1,131.52,13.56,3,7,6,Singapore,60.11
269,AlphaRobotics,Telemedicine solution in the HealthTech space,HealthTech,Telemedicine,Hardware,Seed,32.84,155.5,181.98,7.83,23,2.7,49.82,4.79,5,2,3,India,58.49
270,PioneerCloud,Language Learning solution in the EdTech space,EdTech,Language Learning,Hybrid,Seed,3.3,142.53,163.2,6.28,12,4.1,77.79,12.68,2,1,2,Singapore,61.42
271,SparkMobility,Precision Farming solution in the Agritech space,Agritech,Precision Farming,Marketplace,Series B,132.51,629.84,802.14,4.01,124,4.4,139.54,4.84,1,5,7,Australia,71.47
272,CoreEdu,Digital Pharmacy solution in the HealthTech space,HealthTech,Digital Pharmacy,B2C Subscription,Series A,12.33,223.7,299.33,25.45,56,7.1,39.17,3.15,3,3,5,Canada,60.4
273,EpsilonLabs,Subscription Box solution in the E-commerce space,E-commerce,Subscription Box,B2C Subscription,Seed,3.46,171.74,183.08,19.34,17,3.3,112.35,2.51,7,5,8,India,58.93
274,LambdaGaming,MLOps solution in the AI/ML space,AI/ML,MLOps,Hybrid,Series A,29.76,238.23,344.11,21.71,58,5.4,116.19,2.87,8,2,3,Canada,52.96
275,NovaMobility,WealthTech solution in the FinTech space,FinTech,WealthTech,Hardware,Series B,138.26,559.44,689.76,18.16,92,8.4,114.1,6.07,6,8,6,Australia,51.79
276,SigmaBiotech,Esports solution in the Gaming space,Gaming,Esports,Hybrid,Series B,33.85,539.93,682.51,28.35,124,7.3,125.67,13.24,4,8,6,UK,54.97
277,SigmaGaming,Cloud Security solution in the Cybersecurity space,Cybersecurity,Cloud Security,Hybrid,Series A,74.23,387.74,553.73,10.08,48,7.4,185.97,6.44,6,7,5,Australia,53.92
278,CoreNetworks,Vision solution in the AI/ML space,AI/ML,Vision,Hybrid,Series C,62.01,926.46,1118.81,26.18,260,7.1,12.56,7.91,3,9,1,Brazil,46.83
279,SigmaLabs,Carbon Capture solution in the CleanTech space,CleanTech,Carbon Capture,Hardware,Series A,52.02,358.56,458.19,13.4,42,8.2,130.43,5.58,3,5,4,Canada,56.5
280,ApexLabs,Language Learning solution in the EdTech space,EdTech,Language Learning,Hardware,Series C,129.3,1020.21,1173.15,2.94,260,6.7,134.22,12.89,8,10,7,Israel,51.27
281,FusionHealth,Supply Chain solution in the Agritech space,Agritech,Supply Chain,Marketplace,Series A,30.52,366.54,482.17,20,51,3.8,115.38,5.6,9,10,2,India,39.12
282,ZetaMobility,Battery Storage solution in the CleanTech space,CleanTech,Battery Storage,B2B SaaS,Series A,15.64,307.56,407.34,-2.39,34,8.2,85.82,3.1,7,6,7,India,56.58
283,OmicronAnalytics,Payments solution in the FinTech space,FinTech,Payments,Hybrid,Series A,42.32,313.06,392.27,22.99,60,4.2,160.92,14.96,9,10,10,Germany,53.43
284,ApexFoods,Micro-mobility solution in the Mobility space,Mobility,Micro-mobility,Freemium SaaS,Series A,44.56,314.43,381.05,26.92,36,5.8,15.27,14.68,9,3,6,USA,53.96
285,SigmaFinance,EV solution in the Mobility space,Mobility,EV,B2B SaaS,Pre-Seed,9.72,65.42,45.19,18.22,5,0.6,160.06,6.24,3,6,5,Singapore,59.23
286,OrbitGaming,Ride-sharing solution in the Mobility space,Mobility,Ride-sharing,Marketplace,Seed,5.1,49.25,21.04,16.18,18,2.8,14.39,4.74,8,8,6,India,49.28
287,DeltaTech,Marketplace solution in the E-commerce space,E-commerce,Marketplace,Marketplace,Series A,14.83,316.6,423.98,11.2,42,2.2,113.55,12.45,3,4,9,UK,72.95
288,NovaCloud,Vertical Farming solution in the Agritech space,Agritech,Vertical Farming,Hardware,Series C,48.42,1011.82,1161.03,3.34,256,6,98.59,3.07,4,7,3,UK,54.14
289,AlphaMobility,OT Security solution in the Cybersecurity space,Cybersecurity,OT Security,B2C Subscription,Seed,1.63,80.31,37.08,-3.22,23,6.3,172.72,6.08,7,7,1,Germany,41.6
290,GammaComms,Battery Storage solution in the CleanTech space,CleanTech,Battery Storage,B2B SaaS,Series A,34.65,361.19,440.27,3.16,50,5,99.53,8.28,9,3,6,Singapore,57.31
291,DeltaAI,Carbon Capture solution in the CleanTech space,CleanTech,Carbon Capture,Freemium SaaS,Series B,38.88,651.79,768.49,25.54,114,5,40.89,14.37,9,6,10,Australia,59.7
292,CoreSystems,VR/AR Games solution in the Gaming space,Gaming,VR/AR Games,Marketplace,Seed,9.74,113.1,72.96,16.49,22,9.4,111.43,6.84,8,10,3,Canada,35.3
293,EpsilonBiotech,Mobile Games solution in the Gaming space,Gaming,Mobile Games,B2B SaaS,Pre-Seed,3.62,70.1,19.54,22.91,8,6.4,74.74,3.13,2,3,6,UK,62.41
294,VertexMobility,Supply Chain solution in the Agritech space,Agritech,Supply Chain,B2C Subscription,Series A,13.32,358.99,440.49,9.69,54,7,45.21,13.36,7,3,8,Israel,62.23
295,NimbusRobotics,Workforce Upskilling solution in the EdTech space,EdTech,Workforce Upskilling,B2C Subscription,Pre-Seed,3.78,5.67,33.54,32.29,7,2.1,49.15,13.81,8,10,1,Singapore,36.03
296,EpsilonNetworks,WealthTech solution in the FinTech space,FinTech,WealthTech,Hardware,Series C,32,888.09,959.67,8.93,249,6.9,120.19,14.99,9,8,7,Brazil,49.58
297,NimbusSolutions,OT Security solution in the Cybersecurity space,Cybersecurity,OT Security,B2B SaaS,Series A,13.18,369.42,424.05,18.83,47,7.5,102.95,8.52,4,5,1,Canada,47.63
298,ZetaFoods,Battery Storage solution in the CleanTech space,CleanTech,Battery Storage,Hybrid,Series A,23.86,195.79,321.18,12.13,44,6.6,145.47,3.45,8,9,9,India,55.1
299,OmicronCloud,Mobile Games solution in the Gaming space,Gaming,Mobile Games,Marketplace,Seed,2.2,137.53,144.23,8.7,24,2.9,155.01,5.08,1,8,9,Germany,66.66
300,LambdaRobotics,Network Security solution in the Cybersecurity space,Cybersecurity,Network Security,B2B SaaS,Seed,9.84,134.28,253.57,18.24,11,5.3,165.72,8.82,6,2,8,India,66.78
301,CoreEnergy,Wind solution in the CleanTech space,CleanTech,Wind,Freemium SaaS,Series A,11.3,337.25,394.97,14.36,63,9.2,64.87,13.03,7,3,10,UK,63.4
302,BetaComms,Wind solution in the CleanTech space,CleanTech,Wind,Marketplace,Seed,16.25,55.54,114.41,28.76,18,6.9,89.67,5.39,10,9,3,Singapore,36.22
303,CoreAI,Social Commerce solution in the E-commerce space,E-commerce,Social Commerce,Hybrid,Series C,121.18,976.68,1204.04,13.09,218,6.6,31.79,14.58,2,3,7,USA,72.06
304,EpsilonAnalytics,D2C solution in the E-commerce space,E-commerce,D2C,B2C Subscription,Series A,8.02,304.26,215.56,13.13,53,2.7,151.27,9.51,4,7,8,UK,61.16
305,VertexLogistics,Game Engines solution in the Gaming space,Gaming,Game Engines,Hardware,Pre-Seed,3.46,137.37,211.45,17.63,8,4.5,59.01,8.41,2,7,9,Canada,66.58
306,NimbusBiotech,Autonomous Systems solution in the AI/ML space,AI/ML,Autonomous Systems,Hybrid,Pre-Seed,29.08,89.02,25.58,7.91,12,3.5,4.14,12.75,2,8,6,India,58.58
307,ThetaFinance,Supply Chain solution in the Agritech space,Agritech,Supply Chain,B2C Subscription,Seed,6.7,104.67,69.09,44.12,16,7,8.42,10.56,6,5,6,Israel,50.84
308,CoreGaming,Esports solution in the Gaming space,Gaming,Esports,Marketplace,Series B,88.38,552.4,666.75,17.58,113,3.5,164.11,14.79,1,1,2,Brazil,65.05
309,ZetaFoods,Payments solution in the FinTech space,FinTech,Payments,Hardware,Pre-Seed,1.61,6.98,0,38.88,9,2.8,43.39,3.1,7,4,3,Canada,48.51
310,GammaEnergy,Test Prep solution in the EdTech space,EdTech,Test Prep,Marketplace,Pre-Seed,16.96,0,0,15.49,11,5.1,96.17,7.3,3,1,7,Canada,67.63
311,GammaSystems,Carbon Capture solution in the CleanTech space,CleanTech,Carbon Capture,B2B SaaS,Pre-Seed,10.62,0.89,4.02,24.47,7,5.4,81.84,12.84,2,3,10,Germany,71.1
312,AlphaTech,Supply Chain solution in the Agritech space,Agritech,Supply Chain,Freemium SaaS,Seed,1.43,121.27,205.39,6.28,13,2.6,83.81,10.79,2,7,3,Brazil,57.45
313,ApexLabs,Digital Pharmacy solution in the HealthTech space,HealthTech,Digital Pharmacy,Freemium SaaS,Series B,35.01,610.22,672.16,11.04,107,5.8,35.3,13.43,2,6,6,Canada,61.4
314,EpsilonDynamics,Language Learning solution in the EdTech space,EdTech,Language Learning,B2B SaaS,Seed,4.84,24.28,45.22,37.55,31,4,177.46,14.15,1,10,3,Brazil,48.37
315,EpsilonFinance,NLP solution in the AI/ML space,AI/ML,NLP,Hybrid,Series A,24.05,334.64,338.1,32.03,56,4.5,146.84,12.72,4,2,2,UK,53.53
316,QuantumFinance,Biotech solution in the HealthTech space,HealthTech,Biotech,Marketplace,Series A,86.01,311.7,361.61,27.01,49,6.3,183.18,5.27,4,5,2,Germany,49.57
317,AlphaRobotics,Ag Robotics solution in the Agritech space,Agritech,Ag Robotics,B2C Subscription,Seed,7.06,160.95,95.58,21.44,21,3.8,146.22,6.5,9,4,7,Canada,54.51
318,NimbusLogistics,Lending solution in the FinTech space,FinTech,Lending,B2B SaaS,Pre-Seed,10.34,102.09,151.69,18.7,7,5.2,187.83,4.36,10,2,9,USA,60.72
319,EpsilonLogistics,MLOps solution in the AI/ML space,AI/ML,MLOps,Hybrid,Seed,2.63,128.62,176.87,1.3,19,3.4,151.94,13.67,9,3,8,India,61.77
320,AlphaAI,Payments solution in the FinTech space,FinTech,Payments,B2C Subscription,Pre-Seed,2.81,40.29,10.56,30.49,5,7.3,47.83,13.29,1,7,9,Canada,62.48
321,VertexLogistics,Supply Chain solution in the Agritech space,Agritech,Supply Chain,B2B SaaS,Series A,17.97,336.98,308.91,28.18,46,2.5,194.81,9.07,9,10,3,Canada,37.81
322,GammaEdu,Wearables solution in the HealthTech space,HealthTech,Wearables,B2C Subscription,Series C,180.54,1047.58,1206.04,19.73,244,5.5,12.01,7.54,3,9,6,Australia,57.66
323,SigmaFinance,Mobile Games solution in the Gaming space,Gaming,Mobile Games,Freemium SaaS,Series C,77.15,1023.5,1192.82,7.88,225,7.7,18.54,4.74,4,1,4,India,64.02
324,PioneerMobility,Network Security solution in the Cybersecurity space,Cybersecurity,Network Security,Hybrid,Pre-Seed,5.5,0,0,9.61,7,0.7,73.49,7.31,3,2,1,UK,58.01
325,NimbusEnergy,Lending solution in the FinTech space,FinTech,Lending,Hybrid,Seed,5.41,107.9,124.65,15.84,23,1.4,177.45,13.64,5,3,6,UK,62.87
326,AlphaBiotech,Marketplace solution in the E-commerce space,E-commerce,Marketplace,Hardware,Seed,13.75,49.89,22.25,5.33,22,3,135.27,12.72,2,5,10,India,71.72
327,OrbitEnergy,Autonomous Vehicles solution in the Mobility space,Mobility,Autonomous Vehicles,B2B SaaS,Seed,3.06,83.46,61.14,33.31,22,5.8,173.49,5.76,10,3,6,UK,49.82
328,CoreSystems,Marketplace solution in the E-commerce space,E-commerce,Marketplace,B2C Subscription,Series A,86.81,414.08,466.01,-0.35,46,2.2,170.41,4.62,1,1,1,Germany,63.94
329,QuantumLogistics,WealthTech solution in the FinTech space,FinTech,WealthTech,B2C Subscription,Pre-Seed,8.57,71.27,96.64,32.79,6,5.3,52.1,13.25,1,9,7,Germany,57.51
330,VertexBiotech,NLP solution in the AI/ML space,AI/ML,NLP,Marketplace,Series B,30.59,577.34,737.54,24.02,123,9.4,115.92,7.58,10,6,2,Israel,40.35
331,LambdaEdu,Lending solution in the FinTech space,FinTech,Lending,B2B SaaS,Series C,113.79,961.71,1190.5,4.63,237,4.4,13.87,3.7,2,8,5,Canada,63.1
332,FusionFoods,Vision solution in the AI/ML space,AI/ML,Vision,B2B SaaS,Seed,13.04,153.64,200.64,17.14,28,0.5,94.14,2.18,5,10,5,Netherlands,51.82
333,QuantumComms,Carbon Capture solution in the CleanTech space,CleanTech,Carbon Capture,Hardware,Series C,47.06,983.91,1184.49,12.27,247,4.9,133.44,14.55,4,9,4,UK,54.62
334,AlphaAnalytics,WealthTech solution in the FinTech space,FinTech,WealthTech,Hybrid,Seed,3.68,181.11,314.89,12.27,13,4,69.51,13.92,1,6,1,Australia,56.29
335,ThetaEdu,Marketplace solution in the E-commerce space,E-commerce,Marketplace,B2C Subscription,Seed,3.15,86.02,53.34,30.37,20,4.2,135.92,10.84,1,3,5,India,62.81
336,OrbitFinance,Lending solution in the FinTech space,FinTech,Lending,Freemium SaaS,Series B,61.68,594.22,725.69,21.53,124,3.7,5.22,11.47,8,2,10,India,69.02
337,ApexLabs,Vertical Farming solution in the Agritech space,Agritech,Vertical Farming,Hybrid,Series A,51.01,237.72,186.76,22.09,41,4.5,81.6,11.48,7,3,4,Canada,52.42
338,ApexBiotech,Social Commerce solution in the E-commerce space,E-commerce,Social Commerce,Marketplace,Seed,9.3,81.12,111.18,7.02,21,2.5,18.84,9.14,4,2,4,UK,62.32
339,EpsilonSystems,Mobile Games solution in the Gaming space,Gaming,Mobile Games,B2C Subscription,Seed,22.98,20.56,0,14.05,13,3.9,107.31,13.36,6,7,2,Israel,45.17
340,PioneerRobotics,NLP solution in the AI/ML space,AI/ML,NLP,Hardware,Seed,9.21,71.9,137.01,11.82,22,0.7,64.42,3.73,2,2,3,Canada,65.25
341,ThetaBiotech,Mobile Games solution in the Gaming space,Gaming,Mobile Games,B2C Subscription,Pre-Seed,3.55,66.33,166.2,27.03,8,8.2,170.29,4.55,4,6,7,Israel,58.14
342,OmicronSolutions,InsurTech solution in the FinTech space,FinTech,InsurTech,B2B SaaS,Series C,24.24,997.3,1147.64,26.22,224,10.6,22.89,9.61,8,9,9,Germany,51.44
343,DeltaDynamics,Biotech solution in the HealthTech space,HealthTech,Biotech,B2B SaaS,Pre-Seed,2.14,62.9,130.67,24.75,8,2.4,128.91,8.06,4,3,4,Australia,60.26
344,CoreComms,Vision solution in the AI/ML space,AI/ML,Vision,Marketplace,Series B,162.87,629.94,709.92,-5.25,138,7.6,64.52,2.74,2,1,2,Germany,61.72
345,GammaBiotech,Ride-sharing solution in the Mobility space,Mobility,Ride-sharing,B2B SaaS,Pre-Seed,13.64,100.52,181.81,8.25,10,4.2,34.06,10.56,8,1,3,Netherlands,55.96
346,NimbusTech,OT Security solution in the Cybersecurity space,Cybersecurity,OT Security,Hardware,Series A,3.66,242.33,206.43,-2.94,53,3.3,130.35,2.8,3,6,4,UK,57.32
347,PioneerDynamics,Social Commerce solution in the E-commerce space,E-commerce,Social Commerce,B2B SaaS,Series A,27.67,306.55,363.99,3.05,52,2.6,27.11,7.09,10,4,5,Brazil,53.47
348,BetaLabs,OT Security solution in the Cybersecurity space,Cybersecurity,OT Security,Marketplace,Seed,3.26,125.3,113.95,41.65,26,6.4,70.41,12.44,7,4,9,Germany,57.53
349,ApexEnergy,Precision Farming solution in the Agritech space,Agritech,Precision Farming,Hardware,Seed,3.85,103.91,167.77,21.39,19,3.9,87.69,9.74,8,6,10,Israel,60.85
350,OmicronSolutions,Autonomous Systems solution in the AI/ML space,AI/ML,Autonomous Systems,B2B SaaS,Seed,6.96,125.28,224.79,42.71,34,3.2,144.97,2.52,4,1,5,USA,63.81
351,CoreAnalytics,Micro-mobility solution in the Mobility space,Mobility,Micro-mobility,B2C Subscription,Pre-Seed,10.47,0,34.1,21.26,8,3.7,129.5,6.95,4,5,9,USA,65.62
352,QuantumSolutions,Carbon Capture solution in the CleanTech space,CleanTech,Carbon Capture,B2C Subscription,Pre-Seed,3.14,56.58,38.42,17.66,8,5.6,165.53,10.21,6,6,10,USA,61.03
353,CoreNetworks,NLP solution in the AI/ML space,AI/ML,NLP,Hardware,Seed,10.73,167.31,226.88,19.02,20,5.1,115.18,4.4,3,8,1,India,46.56
354,SparkAnalytics,Lending solution in the FinTech space,FinTech,Lending,B2B SaaS,Seed,2.66,107.28,98.03,21.41,16,7.2,17.86,7.74,1,6,10,Germany,66.96
355,ZetaBiotech,Test Prep solution in the EdTech space,EdTech,Test Prep,B2B SaaS,Pre-Seed,5.42,29.32,11.3,7.45,6,2.5,16.09,9.46,10,3,2,Israel,46.88
356,QuantumLogistics,Vision solution in the AI/ML space,AI/ML,Vision,Hybrid,Pre-Seed,7.45,100.67,129.65,25.47,2,4.1,38.68,9.04,5,6,3,UK,49.75
357,NovaSolutions,OT Security solution in the Cybersecurity space,Cybersecurity,OT Security,Freemium SaaS,Series C,39.27,1006.6,1185.19,12.81,233,6.1,50.68,6.66,10,6,4,Netherlands,48.5
358,SigmaRobotics,Language Learning solution in the EdTech space,EdTech,Language Learning,B2C Subscription,Pre-Seed,3.16,98.89,13.39,31.54,5,6.8,21.49,14.44,1,10,7,Netherlands,54.25
359,SparkBiotech,Lending solution in the FinTech space,FinTech,Lending,Hybrid,Pre-Seed,25.13,83.25,53.67,4.02,8,2.2,156.92,14.9,10,2,8,UK,60.95
360,LambdaEnergy,Vision solution in the AI/ML space,AI/ML,Vision,Marketplace,Pre-Seed,2.59,75.14,72.75,15.04,12,5.2,139.03,3.82,2,6,8,USA,63.6
361,LambdaLabs,D2C solution in the E-commerce space,E-commerce,D2C,Marketplace,Seed,20.57,0,25.14,-4.93,22,2.8,134.51,8.29,2,1,1,Australia,61.65
362,ZetaFinance,Autonomous Vehicles solution in the Mobility space,Mobility,Autonomous Vehicles,Hardware,Series B,21.35,508.42,557.54,29.97,107,9.7,111.59,9.41,6,9,7,India,47.7
363,ZetaFoods,Ride-sharing solution in the Mobility space,Mobility,Ride-sharing,B2B SaaS,Series A,34.58,259.38,308.8,13.4,56,7.8,114.34,12.35,1,5,1,Singapore,52.29
364,GammaBiotech,Marketplace solution in the E-commerce space,E-commerce,Marketplace,B2C Subscription,Series B,23.06,634.35,834.55,3.88,112,5.9,120.66,8.68,3,2,9,India,76.69
365,AlphaFinance,Autonomous Systems solution in the AI/ML space,AI/ML,Autonomous Systems,Freemium SaaS,Pre-Seed,1.7,48.39,90.1,21.23,8,5.9,120.2,12.53,7,3,1,India,46.7
366,ThetaFinance,NLP solution in the AI/ML space,AI/ML,NLP,Freemium SaaS,Series A,23.29,377.94,431.59,16.44,42,7.7,41.33,5.21,9,5,5,Canada,48.19
367,BetaLogistics,Solar solution in the CleanTech space,CleanTech,Solar,Hybrid,Seed,11.22,8.26,0,38.63,21,1,58.09,7.2,8,3,1,Singapore,45.89
368,GammaRobotics,WealthTech solution in the FinTech space,FinTech,WealthTech,Freemium SaaS,Series A,21.66,366.85,499.35,13.93,51,8,136.46,14.11,8,4,2,USA,47.58
369,SigmaLabs,Wind solution in the CleanTech space,CleanTech,Wind,Hardware,Series B,91.8,581.8,684.33,19.51,110,6,135.63,5.11,5,7,8,Brazil,59.62
370,FusionLogistics,Marketplace solution in the E-commerce space,E-commerce,Marketplace,B2C Subscription,Seed,18.55,139.59,206.8,11.93,17,0.6,153.64,10.99,7,6,3,Brazil,51.87
371,PioneerFoods,InsurTech solution in the FinTech space,FinTech,InsurTech,Marketplace,Pre-Seed,6.85,70.85,104.12,11.79,9,2.3,157.11,13.82,5,10,1,UK,42.59
372,QuantumCloud,Telemedicine solution in the HealthTech space,HealthTech,Telemedicine,Hardware,Series C,32.77,1067.07,1245.85,-0.08,219,3.7,23.58,5.23,10,4,9,USA,64.6
373,FusionGaming,OT Security solution in the Cybersecurity space,Cybersecurity,OT Security,Hybrid,Series B,120.57,570.65,665.91,22.17,129,6.7,137.14,6.31,8,5,2,Australia,45.12
374,DeltaFoods,Lending solution in the FinTech space,FinTech,Lending,B2C Subscription,Series B,61.16,711.03,853.68,4.54,114,6.1,172.56,3.78,3,4,4,UK,61.75
375,GammaFinance,WealthTech solution in the FinTech space,FinTech,WealthTech,B2C Subscription,Series C,49.25,1017.03,1280.59,22.75,241,6.8,148.91,10.81,3,10,5,Singapore,56.03
376,ApexCloud,Telemedicine solution in the HealthTech space,HealthTech,Telemedicine,Hardware,Series A,11.27,327.67,374.83,12.96,58,9.6,35.32,12.87,5,9,8,USA,52.92
377,DeltaFinance,VR/AR Games solution in the Gaming space,Gaming,VR/AR Games,B2C Subscription,Pre-Seed,2.52,60.58,77.25,38.07,12,5.9,11.34,14.5,10,10,2,India,31.27
378,SigmaCloud,Mobile Games solution in the Gaming space,Gaming,Mobile Games,Marketplace,Series B,45.69,653.26,856.54,5.84,143,4.3,155.55,7.11,5,7,8,Netherlands,65.29
379,BetaSolutions,VR/AR Games solution in the Gaming space,Gaming,VR/AR Games,Marketplace,Seed,10.37,101.97,50.57,6.84,18,6,102.09,8.6,10,10,7,USA,43.82
380,LambdaHealth,Cloud Security solution in the Cybersecurity space,Cybersecurity,Cloud Security,Freemium SaaS,Seed,6.51,90.93,103.8,29.96,19,7.4,157.44,4.54,5,6,1,Singapore,42.34
381,OmicronGaming,Social Commerce solution in the E-commerce space,E-commerce,Social Commerce,Freemium SaaS,Series A,29.89,353.49,364.2,-8.16,45,2,120.02,14.94,4,3,5,Brazil,64.14
382,VertexMobility,MLOps solution in the AI/ML space,AI/ML,MLOps,Freemium SaaS,Pre-Seed,8.3,89.66,101.49,15.42,3,3.7,183.17,12.97,8,4,7,Brazil,57.04
383,BetaEdu,Ag Robotics solution in the Agritech space,Agritech,Ag Robotics,B2C Subscription,Pre-Seed,4.17,76.06,107.36,21.68,7,6.5,69.57,7.77,9,7,3,Israel,40.9
384,ZetaNetworks,Mobile Games solution in the Gaming space,Gaming,Mobile Games,B2C Subscription,Series B,38.15,605.17,828.31,17.77,129,6,108.6,14.9,4,1,8,USA,73.92
385,OmicronEnergy,NLP solution in the AI/ML space,AI/ML,NLP,Hardware,Seed,3.39,165.18,231.45,14.47,18,2.4,15.5,4.43,2,1,4,Singapore,67.24
386,ZetaGaming,Autonomous Vehicles solution in the Mobility space,Mobility,Autonomous Vehicles,Hybrid,Series A,10.94,211.45,277.32,-3.31,59,3.5,99.61,6.29,6,3,5,India,61.18
387,ApexHealth,Marketplace solution in the E-commerce space,E-commerce,Marketplace,B2C Subscription,Series B,48.41,583.67,648.28,3.28,108,6.6,26.52,2.92,4,4,4,Germany,57.66
388,OrbitTech,Subscription Box solution in the E-commerce space,E-commerce,Subscription Box,Freemium SaaS,Pre-Seed,3.64,59.05,136.02,25.86,9,3.2,58.27,5.76,3,3,10,USA,73.32
389,SparkRobotics,Battery Storage solution in the CleanTech space,CleanTech,Battery Storage,Freemium SaaS,Series C,17.98,919.99,1043.12,16.59,259,6.1,159.7,11.61,5,7,7,Singapore,58.46
390,ThetaFoods,Micro-mobility solution in the Mobility space,Mobility,Micro-mobility,Marketplace,Series A,4.16,250.31,321.38,6.44,47,6.2,9.88,5.56,10,7,10,India,56.34
391,FusionMobility,InsurTech solution in the FinTech space,FinTech,InsurTech,Hybrid,Seed,5.44,93.81,92.69,8.16,30,3.2,196.29,6.96,2,8,2,Singapore,50.78
392,OmicronAI,Social Commerce solution in the E-commerce space,E-commerce,Social Commerce,Freemium SaaS,Series A,24.91,266.49,378.37,3.24,53,7,15.67,6.35,5,4,3,Israel,55.28
393,SparkLogistics,Solar solution in the CleanTech space,CleanTech,Solar,Freemium SaaS,Seed,16.93,28.85,0,16.02,21,2.1,40.94,5.09,3,1,8,Canada,71.82
394,ApexLogistics,Subscription Box solution in the E-commerce space,E-commerce,Subscription Box,Freemium SaaS,Pre-Seed,5.76,98.94,50.14,36.09,8,5.7,137.41,2.33,10,4,6,Germany,48.12
395,QuantumEdu,Supply Chain solution in the Agritech space,Agritech,Supply Chain,Marketplace,Series B,22.47,657.35,795.96,9.22,111,4.9,182.34,2.08,9,3,5,India,56.56
396,OmicronCloud,Ride-sharing solution in the Mobility space,Mobility,Ride-sharing,B2C Subscription,Series B,44.2,546.94,654.05,19.73,110,5.6,110.24,13.5,6,2,4,Singapore,58.04
397,VertexBiotech,Battery Storage solution in the CleanTech space,CleanTech,Battery Storage,Marketplace,Seed,25.44,220.71,241.34,15.71,27,6.7,69.09,14.38,5,8,2,Brazil,43.52
398,NimbusNetworks,Payments solution in the FinTech space,FinTech,Payments,Hybrid,Pre-Seed,4.38,80.91,172.56,17.6,13,0.7,87.87,13.03,7,9,5,Australia,51.46
399,EpsilonNetworks,Lending solution in the FinTech space,FinTech,Lending,Marketplace,Seed,19.2,72.23,94.66,25.71,23,3.3,12.15,7.22,10,8,3,Singapore,39.63
400,NimbusBiotech,K-12 solution in the EdTech space,EdTech,K-12,Freemium SaaS,Series C,130.97,972.28,1263.74,7.58,256,8.6,150.38,9.09,6,1,1,Brazil,58.04
401,ZetaComms,D2C solution in the E-commerce space,E-commerce,D2C,B2C Subscription,Seed,4.38,53.47,58.34,36.65,19,4.1,142.04,5.28,2,3,10,Australia,70.91
402,VertexGaming,OT Security solution in the Cybersecurity space,Cybersecurity,OT Security,Hardware,Pre-Seed,15.79,0,0,27.53,11,1.6,179.68,3.55,9,4,6,USA,53.55
403,AlphaTech,NLP solution in the AI/ML space,AI/ML,NLP,Freemium SaaS,Series A,44.99,272.52,244.74,30.06,49,7.7,19.45,12.1,4,6,5,UK,51.22
404,OrbitComms,Biotech solution in the HealthTech space,HealthTech,Biotech,Marketplace,Pre-Seed,5.5,33.55,58.23,7.92,6,3.5,112.83,13.15,1,5,5,Brazil,63.32
405,VertexDynamics,Ag Robotics solution in the Agritech space,Agritech,Ag Robotics,Marketplace,Series C,30.41,1094.52,1315.89,22.69,238,4.8,61.95,8.92,8,6,4,UK,52.77
406,LambdaAnalytics,Network Security solution in the Cybersecurity space,Cybersecurity,Network Security,Freemium SaaS,Series C,73,1100.76,1385.44,11.03,255,3.8,146.07,13.99,4,1,10,Israel,82.09
407,QuantumHealth,K-12 solution in the EdTech space,EdTech,K-12,Hardware,Series B,81.86,672.37,835.25,4.5,124,12.3,68.22,8.75,5,9,10,USA,59.21
408,DeltaTech,Mobile Games solution in the Gaming space,Gaming,Mobile Games,B2B SaaS,Series A,8.18,327.66,365.78,34.23,49,4.5,112.52,6.51,7,8,7,India,50.85
409,NimbusDynamics,Ag Robotics solution in the Agritech space,Agritech,Ag Robotics,B2C Subscription,Series A,3.85,301.42,257.81,11.8,62,9.3,98.03,3.11,1,5,7,India,61.84
410,SparkMobility,Ag Robotics solution in the Agritech space,Agritech,Ag Robotics,Freemium SaaS,Pre-Seed,9.86,50.9,84.71,6.33,5,5.2,40.6,8.56,2,9,10,India,64.98
411,DeltaGaming,Marketplace solution in the E-commerce space,E-commerce,Marketplace,B2C Subscription,Series A,9.13,309.93,367.96,9.21,58,5,90.92,9.51,5,9,4,Singapore,49.07
412,ZetaHealth,Cloud Security solution in the Cybersecurity space,Cybersecurity,Cloud Security,Hybrid,Seed,6.89,7.41,48.07,13.21,18,3.4,153.79,14.56,4,8,6,Germany,56.35
413,GammaSystems,Payments solution in the FinTech space,FinTech,Payments,Hybrid,Series A,72.16,340.11,451.24,0.84,49,4.4,64.97,14.02,3,2,9,India,75.45
414,LambdaFoods,Wearables solution in the HealthTech space,HealthTech,Wearables,Marketplace,Seed,15.88,98.88,84.21,22.05,21,5.5,69.97,13.08,1,2,3,USA,60.17
415,NovaFinance,Social Commerce solution in the E-commerce space,E-commerce,Social Commerce,Freemium SaaS,Pre-Seed,12.94,190.73,223.66,23.93,10,4.5,28,6.03,1,1,3,UK,63.22
416,PioneerMobility,MLOps solution in the AI/ML space,AI/ML,MLOps,Marketplace,Series B,104.3,638.18,822.18,5.86,129,4.8,46.71,10.02,2,6,6,UK,66.33
417,ApexFoods,Biotech solution in the HealthTech space,HealthTech,Biotech,Marketplace,Series B,50.68,587.71,646.59,13.95,106,5.2,113.95,2.27,8,7,3,India,44.97
418,ZetaSystems,K-12 solution in the EdTech space,EdTech,K-12,Hardware,Series B,177.17,597.06,691.22,15.8,102,6.1,182.82,7.04,8,10,8,UK,50.67
419,QuantumMobility,VR/AR Games solution in the Gaming space,Gaming,VR/AR Games,B2B SaaS,Series B,47.28,608.09,738.06,19.17,116,4.2,140.76,11.95,3,8,8,India,63.33
420,BetaLabs,OT Security solution in the Cybersecurity space,Cybersecurity,OT Security,Marketplace,Series A,7.58,332.47,439.52,13.38,45,4.8,196.62,10.36,1,9,10,Netherlands,68.27
421,OrbitEdu,Battery Storage solution in the CleanTech space,CleanTech,Battery Storage,Freemium SaaS,Series A,52.97,275.34,383.15,13.13,44,4.8,122.43,7.78,2,7,4,Brazil,57.82
422,EpsilonCloud,Autonomous Systems solution in the AI/ML space,AI/ML,Autonomous Systems,Hybrid,Pre-Seed,22.98,7.97,47.06,18.55,6,3.4,32.05,9.77,3,9,8,Brazil,59.77
423,NimbusBiotech,K-12 solution in the EdTech space,EdTech,K-12,B2C Subscription,Seed,3.65,189.94,191.17,36.56,20,6.1,9.6,6.79,5,1,9,Germany,65.81
424,ApexAnalytics,Supply Chain solution in the Agritech space,Agritech,Supply Chain,B2B SaaS,Seed,20.44,97.2,133.54,28.91,23,4,159.97,13.24,10,8,2,Brazil,37.2
425,DeltaGaming,Micro-mobility solution in the Mobility space,Mobility,Micro-mobility,Freemium SaaS,Series A,5.96,168.46,221.57,14.05,54,5.9,15.61,9.15,2,7,7,USA,61.26
426,GammaMobility,Precision Farming solution in the Agritech space,Agritech,Precision Farming,Hybrid,Series A,49.51,349.51,408.56,20.27,51,5,194.43,8.66,9,9,4,Brazil,41.99
427,BetaAnalytics,MLOps solution in the AI/ML space,AI/ML,MLOps,Hardware,Seed,5.96,8.18,0,27.94,15,6,95.38,4.96,10,10,8,Singapore,43.71
428,DeltaAnalytics,EV solution in the Mobility space,Mobility,EV,B2B SaaS,Seed,4.18,75.79,42.64,18.25,19,5,196.77,2.65,5,9,9,Singapore,56.42
429,ZetaGaming,Telemedicine solution in the HealthTech space,HealthTech,Telemedicine,B2C Subscription,Series B,68.22,574.54,647.13,9.15,91,5,94.61,9.88,7,2,5,Netherlands,59.01
430,DeltaLogistics,Wind solution in the CleanTech space,CleanTech,Wind,B2C Subscription,Seed,9.85,79.17,91.85,23.96,19,4.5,96.44,7.06,4,6,2,Australia,48.61
431,PioneerFoods,Payments solution in the FinTech space,FinTech,Payments,Freemium SaaS,Series A,48.32,221.72,115.68,20.71,41,4,82.18,14.98,9,3,8,USA,57.93
432,FusionFinance,Precision Farming solution in the Agritech space,Agritech,Precision Farming,Hybrid,Seed,3.4,105.53,95.32,24.94,17,0.5,19.22,5.94,9,3,10,UK,64.13
433,ApexMobility,K-12 solution in the EdTech space,EdTech,K-12,Hybrid,Series B,103.37,507.03,610.71,20.58,118,6.6,107.6,7.27,9,7,7,Netherlands,51.1
434,ApexBiotech,Battery Storage solution in the CleanTech space,CleanTech,Battery Storage,Marketplace,Seed,1.75,99.72,178.59,6.27,21,5,104,14.87,3,3,7,Netherlands,67.99
435,FusionBiotech,Ag Robotics solution in the Agritech space,Agritech,Ag Robotics,Freemium SaaS,Series A,5.72,367.78,410.79,20.04,48,8.9,97.87,12.32,9,4,4,Germany,46.11
436,QuantumDynamics,Game Engines solution in the Gaming space,Gaming,Game Engines,Freemium SaaS,Series A,15.21,207.91,294.1,9.1,44,7.4,53.65,2.12,3,9,9,Singapore,61.13
437,FusionGaming,Wearables solution in the HealthTech space,HealthTech,Wearables,Hybrid,Series A,22.91,409.81,516.42,14.42,51,6.4,173.86,9.58,7,9,5,Australia,47.96
438,AlphaLogistics,Payments solution in the FinTech space,FinTech,Payments,B2C Subscription,Pre-Seed,3.09,8.2,81.06,19.08,12,2.2,56.15,11.57,1,4,5,UK,66.13
439,EpsilonHealth,Social Commerce solution in the E-commerce space,E-commerce,Social Commerce,Freemium SaaS,Series A,5.7,238.95,281.88,-4.94,46,3.4,116.16,14.78,4,9,1,Singapore,46.73
440,SparkCloud,EV solution in the Mobility space,Mobility,EV,B2C Subscription,Series A,3.67,338.95,351.22,22.6,38,9.1,14.69,9.75,9,7,4,Israel,40.28
441,ApexLogistics,Marketplace solution in the E-commerce space,E-commerce,Marketplace,Hardware,Series C,28.24,1034.16,1234.04,27.05,236,4.9,124.81,9.08,6,9,1,USA,44.12
442,SparkFoods,D2C solution in the E-commerce space,E-commerce,D2C,B2C Subscription,Series B,22.28,580.89,663.04,7.55,117,4.6,45.06,6.77,6,10,9,Netherlands,57.26
443,SigmaFoods,Wind solution in the CleanTech space,CleanTech,Wind,B2C Subscription,Series C,69.06,996.64,1139.11,6.07,250,6.2,73.22,10.93,2,3,3,Israel,62.52
444,BetaFinance,Biotech solution in the HealthTech space,HealthTech,Biotech,Marketplace,Series A,21.86,280.18,327.77,-2.21,54,4.2,62.21,12.55,3,3,10,Canada,74.5
445,PioneerDynamics,InsurTech solution in the FinTech space,FinTech,InsurTech,B2B SaaS,Pre-Seed,5.09,0,46.6,30.97,10,5.9,114.72,10.21,6,10,1,Netherlands,36.88
446,CoreCloud,Subscription Box solution in the E-commerce space,E-commerce,Subscription Box,Marketplace,Pre-Seed,8.62,17.31,22.14,19.53,6,0.8,185.69,13.28,6,9,4,UK,48.09
447,OrbitSolutions,Precision Farming solution in the Agritech space,Agritech,Precision Farming,Hardware,Seed,4.56,115.9,171.55,25.82,24,6.1,116.32,10.4,7,2,6,Germany,58.01
448,NovaEnergy,Battery Storage solution in the CleanTech space,CleanTech,Battery Storage,Marketplace,Pre-Seed,10.55,135.92,38.49,20.97,7,3.4,22.65,3.89,10,9,8,Israel,47.85
449,QuantumFoods,Payments solution in the FinTech space,FinTech,Payments,B2C Subscription,Series B,58.15,652.7,734.76,14.19,125,6.9,16.91,3.46,10,10,4,USA,38.87
450,DeltaLogistics,Autonomous Systems solution in the AI/ML space,AI/ML,Autonomous Systems,Marketplace,Seed,17.93,79.69,64.79,25.76,21,3.7,142.65,3.46,5,1,9,Singapore,68.65
451,NimbusHealth,Supply Chain solution in the Agritech space,Agritech,Supply Chain,Marketplace,Series B,26.52,647.35,706.96,27.22,113,7.5,194.94,14.68,4,6,9,India,61.44
452,FusionCloud,Digital Pharmacy solution in the HealthTech space,HealthTech,Digital Pharmacy,B2B SaaS,Series A,30.24,366.52,505.88,18.52,49,4.3,73.73,12.74,4,4,7,India,66.1
453,GammaDynamics,Carbon Capture solution in the CleanTech space,CleanTech,Carbon Capture,B2B SaaS,Seed,5.48,192.42,225.69,13.65,20,1.2,106.01,2.86,6,1,2,India,57.23
454,OmicronCloud,Lending solution in the FinTech space,FinTech,Lending,B2B SaaS,Series A,46.19,296.59,367.41,-6.91,54,5.3,143.63,5.49,4,5,7,Australia,64.34
455,VertexBiotech,Autonomous Vehicles solution in the Mobility space,Mobility,Autonomous Vehicles,B2B SaaS,Seed,4.02,81.27,81.42,21.09,21,3.7,92.94,3,2,9,1,Netherlands,45.62
456,GammaEnergy,Telemedicine solution in the HealthTech space,HealthTech,Telemedicine,Hybrid,Pre-Seed,16.02,99.79,146.21,15.34,9,1,169.06,7.69,5,10,2,Canada,45.61
457,ApexTech,Autonomous Vehicles solution in the Mobility space,Mobility,Autonomous Vehicles,Hardware,Pre-Seed,11.91,0,10.02,16.81,4,6.3,5.46,2.64,4,3,7,Israel,62.39
458,SigmaEnergy,D2C solution in the E-commerce space,E-commerce,D2C,B2B SaaS,Series A,25.46,363.38,450.49,3.43,52,3.3,7.27,11.56,9,3,2,USA,50.8
459,FusionCloud,WealthTech solution in the FinTech space,FinTech,WealthTech,B2B SaaS,Seed,19.12,192.47,273.12,31.63,16,5.7,192.62,10.17,6,4,7,Israel,58.98
460,ZetaAnalytics,Workforce Upskilling solution in the EdTech space,EdTech,Workforce Upskilling,Hybrid,Series B,76.26,616.16,803.58,27.95,127,7.1,13.13,11.72,4,2,3,Netherlands,59.5
461,FusionLabs,WealthTech solution in the FinTech space,FinTech,WealthTech,Marketplace,Series A,13.89,337.83,335.67,25.54,67,3.6,143.02,4.29,5,2,4,Netherlands,57.25
462,QuantumDynamics,Micro-mobility solution in the Mobility space,Mobility,Micro-mobility,Freemium SaaS,Series A,25.25,298.3,278.22,19.21,50,4.8,31.03,10.4,2,5,10,India,68.98
463,NimbusFoods,Battery Storage solution in the CleanTech space,CleanTech,Battery Storage,Marketplace,Series A,12.54,277.07,375.32,31.77,56,1.7,196.85,5.8,5,10,3,Netherlands,47
464,NovaFinance,Game Engines solution in the Gaming space,Gaming,Game Engines,B2C Subscription,Pre-Seed,2.84,2.06,0,4.16,11,4.8,39.28,5.95,4,4,7,Canada,62.98
465,NovaGaming,NLP solution in the AI/ML space,AI/ML,NLP,Hardware,Seed,6.41,54.36,44.36,23.44,14,3,131.85,8.98,5,8,9,India,58.91
466,OmicronDynamics,K-12 solution in the EdTech space,EdTech,K-12,Hybrid,Pre-Seed,17.45,109.01,188.03,6.12,12,5.5,160.11,3.39,2,2,1,Israel,58.63
467,CoreNetworks,WealthTech solution in the FinTech space,FinTech,WealthTech,B2B SaaS,Series A,22.24,304.35,441.4,1.34,48,8.1,187.36,14.23,9,9,8,UK,51.9
468,LambdaComms,Autonomous Systems solution in the AI/ML space,AI/ML,Autonomous Systems,Freemium SaaS,Series B,29.41,606.61,722.2,6.14,99,7.7,182.62,10.23,3,8,9,Israel,63.58
469,QuantumEdu,Biotech solution in the HealthTech space,HealthTech,Biotech,B2B SaaS,Series A,9.33,343.65,484.87,0.74,41,7.4,82.23,9.75,10,3,9,UK,62.11
470,ZetaComms,Ride-sharing solution in the Mobility space,Mobility,Ride-sharing,Hybrid,Series A,7.59,287.79,367.06,8.14,62,4.3,159.43,3.76,3,8,6,USA,58.84
471,LambdaLabs,Carbon Capture solution in the CleanTech space,CleanTech,Carbon Capture,Marketplace,Seed,4.93,57.53,54.8,15.01,25,3.5,196.31,10.19,1,4,9,Singapore,71.37
472,PioneerHealth,OT Security solution in the Cybersecurity space,Cybersecurity,OT Security,B2B SaaS,Series C,32.13,940.66,1113.87,11.61,217,5.7,116.99,14.07,6,2,9,Canada,70.76
473,ApexLogistics,D2C solution in the E-commerce space,E-commerce,D2C,Marketplace,Series A,53.64,299.42,448.11,10.39,55,8.7,16,6.7,2,9,5,Australia,55.4
474,QuantumEnergy,Carbon Capture solution in the CleanTech space,CleanTech,Carbon Capture,Hardware,Series A,6.67,307.14,369.07,28.45,49,5.8,119.89,13.53,10,1,9,UK,61.16
475,LambdaLabs,Ride-sharing solution in the Mobility space,Mobility,Ride-sharing,Hybrid,Series A,80.15,226.15,213.19,33.32,41,4.5,147.74,6.16,4,3,3,UK,53.79
476,LambdaFinance,Vision solution in the AI/ML space,AI/ML,Vision,Marketplace,Series A,11.75,237.33,285.92,12.34,56,8.1,3.71,2.26,8,8,8,Germany,51.15
477,VertexTech,Esports solution in the Gaming space,Gaming,Esports,B2C Subscription,Pre-Seed,2.9,163.7,184.46,20.09,10,0.9,173.67,10.7,10,10,3,UK,38.94
478,CoreDynamics,Precision Farming solution in the Agritech space,Agritech,Precision Farming,B2B SaaS,Pre-Seed,4.8,16.04,0,25.23,12,1.6,50.67,13.89,3,9,7,Netherlands,57.28
479,SigmaLabs,Mobile Games solution in the Gaming space,Gaming,Mobile Games,B2C Subscription,Seed,9.91,93.32,222.76,25.57,21,2.4,125.34,7.81,8,8,3,Germany,46.53
480,CoreSolutions,Identity solution in the Cybersecurity space,Cybersecurity,Identity,Hybrid,Series A,16.47,265.43,352.89,11.77,63,3.7,84.95,8.72,5,3,6,Brazil,63.67
481,LambdaLogistics,Mobile Games solution in the Gaming space,Gaming,Mobile Games,Hardware,Pre-Seed,2.75,97.88,71.28,22.03,10,6.9,137.58,4.76,1,4,9,Israel,68.12
482,SparkSystems,Identity solution in the Cybersecurity space,Cybersecurity,Identity,B2C Subscription,Seed,4.22,60.19,24.72,5.56,32,3,69.02,2.09,10,10,1,Israel,34.19
483,GammaGaming,Precision Farming solution in the Agritech space,Agritech,Precision Farming,Freemium SaaS,Pre-Seed,15.82,76.34,82.06,18.02,10,3.8,179.71,13.8,10,9,1,Australia,34.02
484,QuantumHealth,Supply Chain solution in the Agritech space,Agritech,Supply Chain,Freemium SaaS,Seed,25.66,124.5,176.78,25.66,25,2.9,190.55,2.65,4,8,7,Singapore,57.83
485,VertexDynamics,Mobile Games solution in the Gaming space,Gaming,Mobile Games,Marketplace,Seed,8.18,41.12,143,29.78,9,4.1,186.59,10.66,4,2,5,Netherlands,63
486,OmicronNetworks,Supply Chain solution in the Agritech space,Agritech,Supply Chain,B2B SaaS,Series A,16.14,198.35,343.64,7.1,54,6,153.5,8.31,1,10,9,India,65.65
487,ApexNetworks,Precision Farming solution in the Agritech space,Agritech,Precision Farming,Freemium SaaS,Series B,75.59,551.91,669.03,13.81,124,6,16.43,10.15,7,6,2,UK,47.13
488,OmicronCloud,Cloud Security solution in the Cybersecurity space,Cybersecurity,Cloud Security,Hardware,Series A,31.35,338.42,374.88,-16,56,6.3,110.29,9.1,10,5,7,Germany,54.47
489,ZetaEnergy,OT Security solution in the Cybersecurity space,Cybersecurity,OT Security,Hybrid,Series A,17.6,258.67,339.64,11.3,41,6.5,72.5,12.26,5,5,10,Singapore,66.42
490,DeltaAnalytics,Identity solution in the Cybersecurity space,Cybersecurity,Identity,Hardware,Series A,10.49,333.06,336.43,22.81,59,4.1,173.59,9.72,3,2,4,Israel,60.25
491,FusionMobility,Cloud Security solution in the Cybersecurity space,Cybersecurity,Cloud Security,Freemium SaaS,Series A,17.12,248.54,323.09,6.59,56,8.7,187.36,8.68,1,3,7,USA,68.05
492,NimbusMobility,Digital Pharmacy solution in the HealthTech space,HealthTech,Digital Pharmacy,Hardware,Pre-Seed,7.55,52.52,94.8,30.79,11,3.3,68.14,3.39,5,4,6,India,59.21
493,ApexLogistics,Mobile Games solution in the Gaming space,Gaming,Mobile Games,Hybrid,Series A,9.9,273.97,234.17,11.14,51,4.5,193.17,6.91,5,10,1,UK,40.01
494,AlphaNetworks,Autonomous Vehicles solution in the Mobility space,Mobility,Autonomous Vehicles,Freemium SaaS,Series B,10.64,556.98,627.83,30.83,110,5.5,6.19,7.45,9,5,4,USA,46.92
495,SparkSolutions,Esports solution in the Gaming space,Gaming,Esports,Freemium SaaS,Pre-Seed,4.3,107.77,59.88,23,9,3.9,18.22,4.55,4,1,3,India,58.28
496,QuantumLogistics,Subscription Box solution in the E-commerce space,E-commerce,Subscription Box,Hardware,Series A,6.94,334.01,390.87,-2.08,54,6.7,197.85,5.45,9,1,2,India,50.89
497,FusionComms,Ag Robotics solution in the Agritech space,Agritech,Ag Robotics,Marketplace,Seed,5.46,107.27,131.25,34.9,17,2.3,151.75,9.02,5,4,10,Germany,67
498,CoreTech,Autonomous Vehicles solution in the Mobility space,Mobility,Autonomous Vehicles,Marketplace,Pre-Seed,2.32,40.08,4,21.87,9,5.2,189.35,9.54,9,2,9,India,60.41
499,NovaSystems,Ag Robotics solution in the Agritech space,Agritech,Ag Robotics,Hybrid,Series C,32.81,1002.85,1169.56,19.16,268,3.9,75.72,5.31,9,10,5,Brazil,46.66
500,LambdaBiotech,OT Security solution in the Cybersecurity space,Cybersecurity,OT Security,Hardware,Series A,10.35,171.32,190.23,9.66,58,6.3,106.35,9.3,10,1,8,India,59.38
501,ApexAnalytics,Marketplace solution in the E-commerce space,E-commerce,Marketplace,Freemium SaaS,Series A,13.98,275.33,373.83,-1.83,43,7.2,60.85,3.76,6,7,6,Israel,55.24
502,OmicronAnalytics,Precision Farming solution in the Agritech space,Agritech,Precision Farming,Marketplace,Pre-Seed,12.07,72.26,46.77,32.06,6,5.2,141.25,7.23,6,2,9,UK,63.89
503,QuantumNetworks,Micro-mobility solution in the Mobility space,Mobility,Micro-mobility,Hybrid,Seed,8.86,131.8,117.06,7.81,19,1.9,81.39,6.56,4,8,4,Germany,52.79
504,ThetaAnalytics,Battery Storage solution in the CleanTech space,CleanTech,Battery Storage,B2C Subscription,Series B,54.17,633.55,790.45,11.08,116,4,160.09,11.19,10,6,3,India,47.6
505,NimbusMobility,Telemedicine solution in the HealthTech space,HealthTech,Telemedicine,B2B SaaS,Series A,13.5,242.33,304.19,6.76,56,7.7,111.71,4.27,9,1,8,Singapore,61.4
506,NimbusComms,Game Engines solution in the Gaming space,Gaming,Game Engines,Marketplace,Seed,8.38,153.13,164.97,33.51,28,6.6,109.74,11.63,9,5,7,Germany,50.05
507,BetaEdu,Esports solution in the Gaming space,Gaming,Esports,Hardware,Seed,11.82,170.71,227.22,14.99,23,1.4,68.82,2.24,9,1,9,Singapore,67.15
508,PioneerSystems,Identity solution in the Cybersecurity space,Cybersecurity,Identity,Freemium SaaS,Seed,6.59,154.83,76.23,35.34,25,6.2,25.86,13.07,6,1,1,Germany,48.32
509,NovaEnergy,Network Security solution in the Cybersecurity space,Cybersecurity,Network Security,Hybrid,Series B,54.74,661.5,842.93,1,115,6.2,118.99,10.49,3,9,5,Germany,57.69
510,SparkBiotech,Subscription Box solution in the E-commerce space,E-commerce,Subscription Box,Marketplace,Pre-Seed,4.13,13.01,0,16.14,11,4.9,190.44,6.16,7,4,7,Singapore,57.21
511,OmicronFoods,Autonomous Systems solution in the AI/ML space,AI/ML,Autonomous Systems,B2C Subscription,Series A,11.89,288.21,298.88,26.19,56,9.1,77.71,7.76,10,4,2,Canada,38.88
512,ApexNetworks,Carbon Capture solution in the CleanTech space,CleanTech,Carbon Capture,B2C Subscription,Series B,51.17,526.4,562.99,28.78,115,6.2,134.8,5.5,3,8,1,UK,44.07
513,EpsilonEdu,OT Security solution in the Cybersecurity space,Cybersecurity,OT Security,Hybrid,Series A,25.26,292.64,379.41,31.36,53,6.4,110.06,6.67,8,5,5,Israel,50.17
514,ApexSystems,Mobile Games solution in the Gaming space,Gaming,Mobile Games,Freemium SaaS,Pre-Seed,50.08,44.26,81.45,13.43,6,3.9,39.61,7.99,4,5,8,India,64.35
515,OmicronEnergy,Micro-mobility solution in the Mobility space,Mobility,Micro-mobility,Marketplace,Series A,9.16,258.48,377.39,27.93,58,5.7,196.04,9.75,5,6,1,Australia,47
516,SparkNetworks,Wearables solution in the HealthTech space,HealthTech,Wearables,Hybrid,Series A,15.47,272.23,327.77,22.87,49,6.3,135.37,2.84,9,3,5,Singapore,51.65
517,PioneerLabs,Autonomous Systems solution in the AI/ML space,AI/ML,Autonomous Systems,Hardware,Series A,5.61,289.48,223.8,-1.76,52,6,166.38,10.63,8,3,3,Singapore,50.18
518,GammaLabs,OT Security solution in the Cybersecurity space,Cybersecurity,OT Security,B2C Subscription,Seed,2.69,125.42,141.07,22.32,20,5.8,50.84,7.97,6,6,5,Canada,50.89
519,OmicronFoods,VR/AR Games solution in the Gaming space,Gaming,VR/AR Games,Marketplace,Series A,41.81,402.86,439.74,24.63,51,9,139.29,14.88,9,8,7,UK,45.39
520,EpsilonAnalytics,K-12 solution in the EdTech space,EdTech,K-12,Freemium SaaS,Seed,4.87,99.27,29.05,13.36,26,0.5,174.93,2.78,2,4,3,Australia,60.29
521,GammaGaming,Telemedicine solution in the HealthTech space,HealthTech,Telemedicine,Hybrid,Pre-Seed,5.69,87.03,110.91,0.14,7,4.3,102.01,14.85,7,9,2,India,42.48
522,GammaLogistics,D2C solution in the E-commerce space,E-commerce,D2C,Marketplace,Pre-Seed,8.86,15.36,15.71,15.63,12,0.7,26.98,8.88,5,8,3,UK,49.42
523,AlphaHealth,Vertical Farming solution in the Agritech space,Agritech,Vertical Farming,Freemium SaaS,Seed,15.88,216.23,258.63,25.05,11,0.5,181.52,4.49,6,8,8,Israel,58.39
524,EpsilonCloud,Subscription Box solution in the E-commerce space,E-commerce,Subscription Box,B2C Subscription,Series A,11.42,230.4,361.69,13.85,45,5.3,189.86,5.48,8,10,7,Israel,50.58
525,QuantumGaming,Ag Robotics solution in the Agritech space,Agritech,Ag Robotics,Hybrid,Pre-Seed,4,53.4,115.52,25.02,10,5.3,77.95,7.52,2,8,5,Singapore,55.39
526,EpsilonRobotics,Cloud Security solution in the Cybersecurity space,Cybersecurity,Cloud Security,B2B SaaS,Pre-Seed,7.32,87.45,182.41,12.65,4,0.7,45.91,12.15,3,6,5,Brazil,62.56
527,NimbusGaming,Precision Farming solution in the Agritech space,Agritech,Precision Farming,Marketplace,Pre-Seed,5.94,49.29,66.63,20.98,11,2.6,158.92,4.43,7,5,10,Germany,63.47
528,ThetaFinance,InsurTech solution in the FinTech space,FinTech,InsurTech,Hybrid,Seed,4.36,151.69,161.65,29.08,28,4.2,16.93,5.25,4,3,7,Australia,62.74
529,GammaFinance,Battery Storage solution in the CleanTech space,CleanTech,Battery Storage,Freemium SaaS,Pre-Seed,13.43,66.28,193.33,11.48,8,0.5,105.32,9.61,10,5,5,Israel,54.79
530,ThetaLabs,Subscription Box solution in the E-commerce space,E-commerce,Subscription Box,B2C Subscription,Pre-Seed,4.31,5.93,77.32,10.08,8,2.9,17.54,13.46,2,8,10,Brazil,68.96
531,ThetaBiotech,Subscription Box solution in the E-commerce space,E-commerce,Subscription Box,B2B SaaS,Pre-Seed,8.8,27.68,23.18,23.68,9,5.1,91.88,5.92,9,1,3,India,49.81
532,EpsilonFoods,Social Commerce solution in the E-commerce space,E-commerce,Social Commerce,Freemium SaaS,Pre-Seed,4.6,101.47,104.92,11.54,9,5.9,27.55,8.98,2,3,1,Brazil,54.02
533,VertexRobotics,Battery Storage solution in the CleanTech space,CleanTech,Battery Storage,Hardware,Series C,47.45,1019.97,1241.98,20.04,238,6.6,41.53,6.83,8,1,6,India,63.21
534,OmicronLogistics,K-12 solution in the EdTech space,EdTech,K-12,B2B SaaS,Seed,4.93,189.24,227.76,17.75,20,2.1,164.04,4.23,3,4,5,Australia,62.31
535,LambdaLogistics,Payments solution in the FinTech space,FinTech,Payments,Hardware,Pre-Seed,11.94,97.9,207.86,25.06,8,7.2,159.24,8.43,1,4,8,India,68.89
536,NimbusLogistics,Vertical Farming solution in the Agritech space,Agritech,Vertical Farming,Freemium SaaS,Series C,42.62,984.98,1207.49,23.77,273,5.6,172.08,3.15,6,3,1,Israel,53.6
537,OmicronGaming,Precision Farming solution in the Agritech space,Agritech,Precision Farming,Freemium SaaS,Seed,5.36,140.79,141.6,13.25,19,2.4,60.64,9.44,6,1,4,India,59.4
538,NovaTech,Carbon Capture solution in the CleanTech space,CleanTech,Carbon Capture,B2C Subscription,Series A,14.57,201.27,204.07,19.61,56,6.6,149.4,3.98,10,2,7,Germany,54.17
539,CoreGaming,Payments solution in the FinTech space,FinTech,Payments,Freemium SaaS,Series A,15.03,256.56,277.62,22.34,36,6.7,52.13,9.22,6,2,4,UK,54.37
540,SparkBiotech,EV solution in the Mobility space,Mobility,EV,Freemium SaaS,Pre-Seed,16.03,155.72,205.62,25.15,5,3.2,16.4,12.27,6,3,9,India,66.08
541,LambdaBiotech,Language Learning solution in the EdTech space,EdTech,Language Learning,Hybrid,Series A,34.53,246.02,309.07,28.57,55,8.2,60.35,9.43,6,8,4,USA,44.88
542,EpsilonAI,Cloud Security solution in the Cybersecurity space,Cybersecurity,Cloud Security,B2B SaaS,Seed,4.86,65.65,148.41,16.15,21,0.5,180.85,3.28,8,9,5,Israel,49.99
543,CoreSolutions,Ride-sharing solution in the Mobility space,Mobility,Ride-sharing,Hybrid,Seed,13.62,50.98,75.38,22.58,19,1,59.66,12.04,8,5,10,Israel,63.22
544,OrbitDynamics,K-12 solution in the EdTech space,EdTech,K-12,Hardware,Seed,5.6,195.36,162.63,17.4,24,2.7,46.27,14.13,5,9,6,Brazil,52.24
545,ZetaTech,WealthTech solution in the FinTech space,FinTech,WealthTech,Hybrid,Series B,24.84,577.44,725.65,15.93,142,6.4,172.65,8.2,10,4,6,India,54.05
546,ThetaEdu,Supply Chain solution in the Agritech space,Agritech,Supply Chain,Freemium SaaS,Seed,3.41,19.52,0,1.84,13,5.1,91.02,12.88,9,3,10,Canada,62.99
547,NovaSystems,Autonomous Systems solution in the AI/ML space,AI/ML,Autonomous Systems,B2B SaaS,Seed,3.31,51.19,46.58,16.99,17,4.9,66.99,3.47,2,1,3,UK,61.13
548,DeltaGaming,Lending solution in the FinTech space,FinTech,Lending,B2C Subscription,Pre-Seed,5.79,66.83,125.94,17.48,8,1.6,146.39,13.37,10,7,8,Israel,54.33
549,BetaEnergy,Game Engines solution in the Gaming space,Gaming,Game Engines,B2C Subscription,Series A,22.97,358.11,402.75,23.95,48,2.4,192.4,6.07,2,1,4,Brazil,65.64
550,BetaEnergy,Biotech solution in the HealthTech space,HealthTech,Biotech,Hybrid,Series A,16.12,303.09,317.33,13.1,49,3,148.42,7.54,7,6,1,Netherlands,44.37
551,GammaRobotics,Marketplace solution in the E-commerce space,E-commerce,Marketplace,B2B SaaS,Series B,20.21,543.72,597.65,14.32,134,11.1,195.1,14.56,9,2,2,Germany,44.36
552,ThetaNetworks,Supply Chain solution in the Agritech space,Agritech,Supply Chain,Hybrid,Series A,3.32,330.44,368.67,9.14,54,4.8,186.45,3.16,10,3,9,Israel,60.13
553,CoreEnergy,Network Security solution in the Cybersecurity space,Cybersecurity,Network Security,Freemium SaaS,Seed,14.5,101.16,188.94,4.87,27,1.3,120.6,2.93,7,2,3,UK,58.67
554,OrbitBiotech,Supply Chain solution in the Agritech space,Agritech,Supply Chain,Freemium SaaS,Pre-Seed,1.29,55.14,73.64,5.89,8,5.6,37.57,9.51,10,8,6,Singapore,45.77
555,QuantumFinance,Ag Robotics solution in the Agritech space,Agritech,Ag Robotics,Freemium SaaS,Seed,7.41,129.62,165.95,12.77,18,1.3,39.84,11.99,6,10,4,Netherlands,47.84
556,ApexCloud,Vertical Farming solution in the Agritech space,Agritech,Vertical Farming,Freemium SaaS,Seed,5.89,143.91,134.18,13.66,19,1.9,186.48,4.69,8,8,7,USA,52.21
557,SparkTech,InsurTech solution in the FinTech space,FinTech,InsurTech,Hybrid,Pre-Seed,3.37,30.19,0,27.78,7,1.1,41.52,2.49,5,1,5,Germany,62.4
558,AlphaAI,Battery Storage solution in the CleanTech space,CleanTech,Battery Storage,Hybrid,Seed,5.27,34.29,80.82,24.19,20,4.7,195.62,4.61,10,10,3,India,36.45
559,QuantumDynamics,WealthTech solution in the FinTech space,FinTech,WealthTech,B2C Subscription,Seed,4.23,52.3,42,8.74,27,5.4,11.6,4.73,10,4,4,Canada,47.08
560,CoreLogistics,Marketplace solution in the E-commerce space,E-commerce,Marketplace,Hybrid,Series B,48.89,699.96,896.95,13.98,125,5,128.35,6.17,2,6,8,UK,69.76
561,SparkRobotics,EV solution in the Mobility space,Mobility,EV,B2B SaaS,Series A,17.75,256.95,209.38,12.31,56,7.9,173.7,10.75,10,7,2,USA,36.34
562,VertexFinance,MLOps solution in the AI/ML space,AI/ML,MLOps,B2B SaaS,Series B,34.25,604.3,695.8,9.68,111,6.8,5.98,11.79,4,10,1,Australia,42.68
563,OrbitHealth,InsurTech solution in the FinTech space,FinTech,InsurTech,Marketplace,Seed,0.91,35.47,73.55,-1.31,22,4.1,81.14,14.4,3,6,9,Germany,67.7
564,ApexFoods,K-12 solution in the EdTech space,EdTech,K-12,Hybrid,Series A,32.41,231.31,325.94,29.07,49,3.6,121.13,2.79,2,4,7,Canada,67.23
565,EpsilonBiotech,Identity solution in the Cybersecurity space,Cybersecurity,Identity,B2B SaaS,Seed,19.42,0,79.06,15.93,20,4.6,62.04,7.58,1,9,7,Canada,61.33
566,OrbitFinance,Biotech solution in the HealthTech space,HealthTech,Biotech,Freemium SaaS,Pre-Seed,9.31,0,0,12.13,7,2.4,38.98,12.81,3,8,9,Germany,63.49
567,CoreNetworks,Autonomous Vehicles solution in the Mobility space,Mobility,Autonomous Vehicles,Hybrid,Series A,11.61,361.2,464.15,-7.55,43,4.8,39.92,8.56,9,4,4,India,53.74
568,NovaComms,Subscription Box solution in the E-commerce space,E-commerce,Subscription Box,B2B SaaS,Pre-Seed,14.73,30.84,64.09,17.8,10,2.7,134.01,5.7,7,7,6,Singapore,53.19
569,QuantumMobility,Battery Storage solution in the CleanTech space,CleanTech,Battery Storage,Freemium SaaS,Pre-Seed,28.54,133.5,221.4,18.02,10,6.1,106.4,14.09,5,3,6,Netherlands,61.26
570,PioneerHealth,Ride-sharing solution in the Mobility space,Mobility,Ride-sharing,B2C Subscription,Pre-Seed,7.18,0,0,22.1,9,3.5,100.52,4.01,6,3,2,India,50.66
571,SparkDynamics,Lending solution in the FinTech space,FinTech,Lending,Marketplace,Pre-Seed,5.04,0,98.79,9.16,8,2.7,130.32,2.24,2,5,8,Brazil,70.52
572,ThetaCloud,InsurTech solution in the FinTech space,FinTech,InsurTech,B2C Subscription,Pre-Seed,0.83,109.31,208.19,14.47,7,3.5,48.85,13.57,9,5,9,Brazil,60.89
573,AlphaLogistics,Esports solution in the Gaming space,Gaming,Esports,Hybrid,Series B,59.78,622.95,738.13,13.96,135,6.8,82.79,4.49,9,1,5,UK,56.96
574,ThetaMobility,InsurTech solution in the FinTech space,FinTech,InsurTech,Marketplace,Pre-Seed,8.82,94.93,115.8,26.6,7,7.5,66.25,14.29,1,2,7,Canada,66.84
575,AlphaRobotics,Vision solution in the AI/ML space,AI/ML,Vision,Freemium SaaS,Seed,5.72,11.03,0,24.77,20,4.7,134.47,3.64,7,9,2,Singapore,39
576,ZetaNetworks,EV solution in the Mobility space,Mobility,EV,Hybrid,Series C,116.98,962.98,1198.82,16.51,262,6.6,89.72,10.03,9,1,1,Germany,52.47
577,NovaGaming,Ag Robotics solution in the Agritech space,Agritech,Ag Robotics,Hardware,Series A,15.31,311.58,413.22,9.4,50,7.5,146.52,7.34,1,6,6,Singapore,62.98
578,OrbitAI,D2C solution in the E-commerce space,E-commerce,D2C,B2B SaaS,Series A,4.98,372.39,493.8,13.24,59,6.2,53.96,5.14,7,1,9,Canada,68.67
579,NovaLogistics,Wind solution in the CleanTech space,CleanTech,Wind,Freemium SaaS,Pre-Seed,16.58,47.78,126.26,13.28,8,2.5,184.6,9.7,7,9,10,Germany,60.15
580,CoreDynamics,Identity solution in the Cybersecurity space,Cybersecurity,Identity,Hardware,Series C,97.55,1001.92,1082.89,26.8,249,10.1,36.93,12.57,10,6,8,Israel,49.17
581,EpsilonComms,Workforce Upskilling solution in the EdTech space,EdTech,Workforce Upskilling,Hybrid,Series A,8.44,306.14,359.92,20.09,41,4.8,82.51,6.98,4,3,5,Israel,60.5
582,EpsilonComms,Language Learning solution in the EdTech space,EdTech,Language Learning,B2C Subscription,Seed,4.09,89.45,178.53,14.64,20,2.5,123.11,9.35,9,9,2,UK,41.33
583,AlphaBiotech,NLP solution in the AI/ML space,AI/ML,NLP,Hardware,Series C,68.6,1007,1181.23,11.23,241,5.7,89.59,2.6,5,8,5,UK,55.33
584,EpsilonSolutions,Solar solution in the CleanTech space,CleanTech,Solar,B2B SaaS,Series A,19.68,199.03,266.28,38.52,59,4.9,87.94,12.65,10,10,5,Netherlands,39.49
585,SparkAnalytics,Esports solution in the Gaming space,Gaming,Esports,B2C Subscription,Series A,4.75,313.36,382.46,11.54,59,6.7,183.04,5.45,6,2,8,UK,64.89
586,QuantumSolutions,Supply Chain solution in the Agritech space,Agritech,Supply Chain,Hardware,Seed,9.54,85.75,135,13.73,19,4.1,39.7,10.71,3,3,4,Germany,61.03
587,AlphaAI,WealthTech solution in the FinTech space,FinTech,WealthTech,Hardware,Pre-Seed,5.72,0,0,8.94,6,5.2,114.92,2.7,4,4,2,UK,52.21
588,NovaFoods,Autonomous Vehicles solution in the Mobility space,Mobility,Autonomous Vehicles,B2C Subscription,Seed,22.87,116.92,90.68,20.2,21,1.1,189.79,12.95,1,10,7,Singapore,59.66
589,OrbitSystems,Network Security solution in the Cybersecurity space,Cybersecurity,Network Security,Hardware,Seed,5.44,110.11,131.24,10.24,15,6.8,27.55,7.59,1,4,9,Israel,70.01
590,FusionLogistics,Network Security solution in the Cybersecurity space,Cybersecurity,Network Security,Hybrid,Series A,6.79,328.52,377.65,9.81,56,7.7,193.44,8.85,1,4,5,Brazil,62.22
591,SigmaFoods,Cloud Security solution in the Cybersecurity space,Cybersecurity,Cloud Security,B2C Subscription,Seed,3.37,29.76,41.07,16.81,19,4.4,97.51,11.14,10,1,9,UK,61.86
592,GammaEdu,Autonomous Vehicles solution in the Mobility space,Mobility,Autonomous Vehicles,B2B SaaS,Pre-Seed,2.02,84.88,60.05,23.08,7,1.4,131.54,8.94,10,9,3,Australia,39.14
593,PioneerTech,Cloud Security solution in the Cybersecurity space,Cybersecurity,Cloud Security,B2C Subscription,Seed,6.62,129.56,150.12,39.42,20,0.7,141.92,14.23,4,8,2,Canada,47.15
594,DeltaLabs,NLP solution in the AI/ML space,AI/ML,NLP,B2B SaaS,Series A,2.7,285.76,337.6,45.98,42,5.5,197.02,14.3,6,2,9,Australia,63.83
595,ApexCloud,Vertical Farming solution in the Agritech space,Agritech,Vertical Farming,Hardware,Pre-Seed,9.36,38.09,25.18,38.19,10,2.1,17.58,8.86,3,6,10,UK,66.11
596,ZetaHealth,Workforce Upskilling solution in the EdTech space,EdTech,Workforce Upskilling,Hardware,Seed,9.1,177.91,128.21,18.58,21,2.3,66.43,3.23,8,5,3,India,47.92
597,AlphaMobility,Workforce Upskilling solution in the EdTech space,EdTech,Workforce Upskilling,Marketplace,Pre-Seed,32.75,2.69,0,22.91,5,5.3,82.09,6.73,8,8,9,USA,52.73
598,LambdaNetworks,VR/AR Games solution in the Gaming space,Gaming,VR/AR Games,Hybrid,Series A,82.81,333.11,344.45,0.43,49,9.7,165.38,8.31,8,7,8,India,51.52
599,LambdaCloud,Mobile Games solution in the Gaming space,Gaming,Mobile Games,Marketplace,Series A,4.5,320.77,340.41,21.28,54,4.2,74.81,3.31,9,4,1,UK,42.81
600,QuantumHealth,K-12 solution in the EdTech space,EdTech,K-12,B2C Subscription,Series B,7.62,654.12,722.02,2.61,119,7.9,43.65,2.3,10,10,5,Singapore,40.85
